game_id,season,game_type,game_date,game_state,home_team,home_score,away_team,away_score
2023020031,20232024,2,2023-10-14,OFF,VGK,4.0,ANA,1.0
2023020034,20232024,2,2023-10-15,OFF,ANA,6.0,CAR,3.0
2023020059,20232024,2,2023-10-19,OFF,ANA,2.0,DAL,3.0
2023020066,20232024,2,2023-10-21,OFF,ARI,2.0,ANA,1.0
2023020081,20232024,2,2023-10-22,OFF,ANA,1.0,BOS,3.0
2023020084,20232024,2,2023-10-24,OFF,CBJ,2.0,ANA,3.0
2023020100,20232024,2,2023-10-26,OFF,BOS,3.0,ANA,4.0
2023020117,20232024,2,2023-10-28,OFF,PHI,4.0,ANA,7.0
2023020132,20232024,2,2023-10-30,OFF,PIT,3.0,ANA,4.0
2023020144,20232024,2,2023-11-01,OFF,ANA,4.0,ARI,3.0
2023020175,20232024,2,2023-11-05,OFF,ANA,4.0,VGK,2.0
2023020187,20232024,2,2023-11-07,OFF,ANA,0.0,PIT,2.0
2023020208,20232024,2,2023-11-10,OFF,ANA,3.0,PHI,6.0
2023020226,20232024,2,2023-11-12,OFF,ANA,4.0,SJS,1.0
2023020234,20232024,2,2023-11-14,OFF,NSH,2.0,ANA,3.0
2023020240,20232024,2,2023-11-15,OFF,COL,8.0,ANA,2.0
2023020253,20232024,2,2023-11-17,OFF,ANA,1.0,FLA,2.0
2023020271,20232024,2,2023-11-19,OFF,ANA,1.0,STL,3.0
2023020290,20232024,2,2023-11-22,OFF,ANA,3.0,MTL,4.0
2023020299,20232024,2,2023-11-24,OFF,ANA,2.0,LAK,5.0
2023020320,20232024,2,2023-11-26,OFF,EDM,8.0,ANA,2.0
2023020336,20232024,2,2023-11-28,OFF,VAN,3.0,ANA,1.0
2023020352,20232024,2,2023-11-30,OFF,ANA,4.0,WSH,5.0
2023020366,20232024,2,2023-12-02,OFF,ANA,4.0,COL,3.0
2023020386,20232024,2,2023-12-05,OFF,COL,3.0,ANA,2.0
2023020399,20232024,2,2023-12-07,OFF,CHI,1.0,ANA,0.0
2023020425,20232024,2,2023-12-10,OFF,ANA,2.0,WPG,4.0
2023020444,20232024,2,2023-12-13,OFF,NYI,4.0,ANA,3.0
2023020456,20232024,2,2023-12-15,OFF,NYR,5.0,ANA,1.0
2023020476,20232024,2,2023-12-17,OFF,NJD,1.0,ANA,5.0
2023020479,20232024,2,2023-12-18,OFF,DET,3.0,ANA,4.0
2023020508,20232024,2,2023-12-21,OFF,ANA,0.0,CGY,3.0
2023020523,20232024,2,2023-12-23,OFF,ANA,2.0,SEA,3.0
2023020540,20232024,2,2023-12-27,OFF,ANA,5.0,VGK,2.0
2023020553,20232024,2,2023-12-29,OFF,ANA,0.0,ARI,2.0
2023020569,20232024,2,2023-12-31,OFF,ANA,2.0,EDM,7.0
2023020588,20232024,2,2024-01-03,OFF,ANA,1.0,TOR,2.0
2023020604,20232024,2,2024-01-05,OFF,ANA,1.0,WPG,3.0
2023020620,20232024,2,2024-01-07,OFF,ANA,2.0,DET,3.0
2023020629,20232024,2,2024-01-09,OFF,NSH,3.0,ANA,5.0
2023020639,20232024,2,2024-01-11,OFF,CAR,6.0,ANA,3.0
2023020661,20232024,2,2024-01-13,OFF,TBL,5.0,ANA,1.0
2023020674,20232024,2,2024-01-15,OFF,FLA,4.0,ANA,5.0
2023020683,20232024,2,2024-01-16,OFF,WSH,2.0,ANA,0.0
2023020715,20232024,2,2024-01-20,OFF,SJS,5.0,ANA,3.0
2023020722,20232024,2,2024-01-21,OFF,ANA,2.0,NYR,5.0
2023020737,20232024,2,2024-01-23,OFF,ANA,4.0,BUF,2.0
2023020751,20232024,2,2024-01-25,OFF,DAL,4.0,ANA,3.0
2023020770,20232024,2,2024-01-27,OFF,MIN,2.0,ANA,3.0
2023020780,20232024,2,2024-01-31,OFF,ANA,3.0,SJS,2.0
2023020803,20232024,2,2024-02-09,OFF,ANA,3.0,EDM,5.0
2023020825,20232024,2,2024-02-13,OFF,MTL,5.0,ANA,0.0
2023020841,20232024,2,2024-02-15,OFF,OTT,1.0,ANA,5.0
2023020858,20232024,2,2024-02-17,OFF,TOR,9.0,ANA,2.0
2023020866,20232024,2,2024-02-19,OFF,BUF,3.0,ANA,4.0
2023020886,20232024,2,2024-02-21,OFF,ANA,4.0,CBJ,7.0
2023020915,20232024,2,2024-02-24,OFF,LAK,3.0,ANA,2.0
2023020922,20232024,2,2024-02-25,OFF,ANA,2.0,NSH,4.0
2023020952,20232024,2,2024-02-29,OFF,SJS,4.0,ANA,6.0
2023020955,20232024,2,2024-03-01,OFF,ANA,4.0,NJD,3.0
2023020973,20232024,2,2024-03-03,OFF,ANA,1.0,VAN,2.0
2023020992,20232024,2,2024-03-06,OFF,ANA,2.0,OTT,1.0
2023021007,20232024,2,2024-03-08,OFF,ANA,2.0,DAL,6.0
2023021026,20232024,2,2024-03-10,OFF,ANA,1.0,NYI,6.0
2023021038,20232024,2,2024-03-12,OFF,CHI,7.0,ANA,2.0
2023021054,20232024,2,2024-03-14,OFF,MIN,2.0,ANA,0.0
2023021057,20232024,2,2024-03-15,OFF,WPG,6.0,ANA,0.0
2023021079,20232024,2,2024-03-17,OFF,STL,4.0,ANA,2.0
2023021091,20232024,2,2024-03-19,OFF,ANA,0.0,MIN,4.0
2023021105,20232024,2,2024-03-21,OFF,ANA,4.0,CHI,0.0
2023021131,20232024,2,2024-03-24,OFF,ANA,2.0,TBL,3.0
2023021146,20232024,2,2024-03-26,OFF,SEA,4.0,ANA,0.0
2023021162,20232024,2,2024-03-28,OFF,SEA,4.0,ANA,2.0
2023021167,20232024,2,2024-03-30,OFF,EDM,6.0,ANA,1.0
2023021180,20232024,2,2024-03-31,OFF,VAN,3.0,ANA,2.0
2023021195,20232024,2,2024-04-02,OFF,CGY,3.0,ANA,5.0
2023021215,20232024,2,2024-04-05,OFF,ANA,1.0,SEA,3.0
2023021235,20232024,2,2024-04-07,OFF,ANA,5.0,STL,6.0
2023021249,20232024,2,2024-04-09,OFF,ANA,3.0,LAK,1.0
2023021268,20232024,2,2024-04-12,OFF,ANA,3.0,CGY,6.0
2023021281,20232024,2,2024-04-13,OFF,LAK,3.0,ANA,1.0
2023021311,20232024,2,2024-04-18,OFF,VGK,1.0,ANA,4.0
2023020017,20232024,2,2023-10-13,OFF,NJD,3.0,ARI,4.0
2023020037,20232024,2,2023-10-16,OFF,NYR,2.0,ARI,1.0
2023020043,20232024,2,2023-10-17,OFF,NYI,1.0,ARI,0.0
2023020057,20232024,2,2023-10-19,OFF,STL,2.0,ARI,6.0
2023020097,20232024,2,2023-10-24,OFF,LAK,6.0,ARI,3.0
2023020115,20232024,2,2023-10-27,OFF,ARI,4.0,LAK,5.0
2023020137,20232024,2,2023-10-30,OFF,ARI,8.0,CHI,1.0
2023020153,20232024,2,2023-11-02,OFF,ARI,3.0,MTL,2.0
2023020160,20232024,2,2023-11-04,OFF,ARI,3.0,WPG,5.0
2023020185,20232024,2,2023-11-07,OFF,ARI,4.0,SEA,3.0
2023020199,20232024,2,2023-11-09,OFF,STL,2.0,ARI,1.0
2023020218,20232024,2,2023-11-11,OFF,NSH,5.0,ARI,7.0
2023020233,20232024,2,2023-11-14,OFF,DAL,4.0,ARI,3.0
2023020243,20232024,2,2023-11-16,OFF,CBJ,2.0,ARI,3.0
2023020262,20232024,2,2023-11-18,OFF,WPG,5.0,ARI,2.0
2023020276,20232024,2,2023-11-20,OFF,ARI,1.0,LAK,4.0
2023020287,20232024,2,2023-11-22,OFF,ARI,5.0,STL,6.0
2023020315,20232024,2,2023-11-25,OFF,VGK,0.0,ARI,2.0
2023020334,20232024,2,2023-11-28,OFF,ARI,3.0,TBL,1.0
2023020350,20232024,2,2023-11-30,OFF,ARI,4.0,COL,3.0
2023020365,20232024,2,2023-12-02,OFF,ARI,4.0,STL,1.0
2023020378,20232024,2,2023-12-04,OFF,ARI,6.0,WSH,0.0
2023020400,20232024,2,2023-12-07,OFF,ARI,1.0,PHI,4.0
2023020408,20232024,2,2023-12-09,OFF,BOS,5.0,ARI,3.0
2023020428,20232024,2,2023-12-11,OFF,BUF,5.0,ARI,2.0
2023020434,20232024,2,2023-12-12,OFF,PIT,4.0,ARI,2.0
2023020459,20232024,2,2023-12-15,OFF,ARI,1.0,SJS,0.0
2023020470,20232024,2,2023-12-16,OFF,ARI,2.0,BUF,0.0
2023020493,20232024,2,2023-12-19,OFF,ARI,4.0,OTT,3.0
2023020509,20232024,2,2023-12-21,OFF,SJS,2.0,ARI,5.0
2023020525,20232024,2,2023-12-23,OFF,COL,4.0,ARI,1.0
2023020537,20232024,2,2023-12-27,OFF,ARI,5.0,COL,4.0
2023020581,20232024,2,2024-01-02,OFF,ARI,1.0,FLA,4.0
2023020597,20232024,2,2024-01-04,OFF,ARI,1.0,NYI,5.0
2023020619,20232024,2,2024-01-07,OFF,ARI,2.0,WPG,6.0
2023020633,20232024,2,2024-01-09,OFF,ARI,4.0,BOS,3.0
2023020649,20232024,2,2024-01-11,OFF,ARI,2.0,CGY,6.0
2023020665,20232024,2,2024-01-13,OFF,MIN,0.0,ARI,6.0
2023020687,20232024,2,2024-01-16,OFF,CGY,3.0,ARI,2.0
2023020700,20232024,2,2024-01-18,OFF,VAN,2.0,ARI,1.0
2023020708,20232024,2,2024-01-20,OFF,ARI,3.0,NSH,2.0
2023020727,20232024,2,2024-01-22,OFF,ARI,5.0,PIT,2.0
2023020739,20232024,2,2024-01-24,OFF,FLA,6.0,ARI,2.0
2023020750,20232024,2,2024-01-25,OFF,TBL,6.0,ARI,3.0
2023020763,20232024,2,2024-01-27,OFF,CAR,3.0,ARI,1.0
2023020800,20232024,2,2024-02-08,OFF,ARI,2.0,VGK,3.0
2023020815,20232024,2,2024-02-10,OFF,NSH,5.0,ARI,4.0
2023020821,20232024,2,2024-02-12,OFF,PHI,5.0,ARI,3.0
2023020836,20232024,2,2024-02-14,OFF,ARI,1.0,MIN,3.0
2023020849,20232024,2,2024-02-16,OFF,ARI,1.0,CAR,5.0
2023020864,20232024,2,2024-02-18,OFF,COL,4.0,ARI,3.0
2023020871,20232024,2,2024-02-19,OFF,ARI,3.0,EDM,6.0
2023020887,20232024,2,2024-02-21,OFF,ARI,3.0,TOR,6.0
2023020921,20232024,2,2024-02-25,OFF,WPG,4.0,ARI,3.0
2023020929,20232024,2,2024-02-27,OFF,MTL,4.0,ARI,2.0
2023020946,20232024,2,2024-02-29,OFF,TOR,4.0,ARI,2.0
2023020953,20232024,2,2024-03-01,OFF,OTT,3.0,ARI,5.0
2023020969,20232024,2,2024-03-03,OFF,WSH,2.0,ARI,5.0
2023020987,20232024,2,2024-03-05,OFF,ARI,2.0,CHI,5.0
2023021001,20232024,2,2024-03-07,OFF,ARI,2.0,MIN,5.0
2023021005,20232024,2,2024-03-08,OFF,ARI,4.0,DET,0.0
2023021025,20232024,2,2024-03-10,OFF,CHI,7.0,ARI,4.0
2023021037,20232024,2,2024-03-12,OFF,MIN,4.0,ARI,1.0
2023021048,20232024,2,2024-03-14,OFF,DET,1.0,ARI,4.0
2023021062,20232024,2,2024-03-16,OFF,ARI,4.0,NJD,1.0
2023021096,20232024,2,2024-03-20,OFF,DAL,5.0,ARI,2.0
2023021112,20232024,2,2024-03-22,OFF,ARI,2.0,SEA,1.0
2023021130,20232024,2,2024-03-24,OFF,ARI,2.0,DAL,4.0
2023021145,20232024,2,2024-03-26,OFF,ARI,6.0,CBJ,2.0
2023021161,20232024,2,2024-03-28,OFF,ARI,8.0,NSH,4.0
2023021168,20232024,2,2024-03-30,OFF,ARI,5.0,NYR,8.0
2023021200,20232024,2,2024-04-03,OFF,ARI,1.0,VAN,2.0
2023021216,20232024,2,2024-04-05,OFF,ARI,7.0,VGK,4.0
2023021231,20232024,2,2024-04-07,OFF,SJS,2.0,ARI,5.0
2023021250,20232024,2,2024-04-09,OFF,SEA,5.0,ARI,0.0
2023021254,20232024,2,2024-04-10,OFF,VAN,3.0,ARI,4.0
2023021267,20232024,2,2024-04-12,OFF,EDM,2.0,ARI,3.0
2023021286,20232024,2,2024-04-14,OFF,CGY,6.0,ARI,5.0
2023021306,20232024,2,2024-04-17,OFF,ARI,5.0,EDM,2.0
2023020006,20232024,2,2023-10-11,OFF,BOS,3.0,CHI,1.0
2023020021,20232024,2,2023-10-14,OFF,BOS,3.0,NSH,2.0
2023020062,20232024,2,2023-10-19,OFF,SJS,1.0,BOS,3.0
2023020079,20232024,2,2023-10-21,OFF,LAK,2.0,BOS,4.0
2023020092,20232024,2,2023-10-24,OFF,CHI,0.0,BOS,3.0
2023020119,20232024,2,2023-10-28,OFF,BOS,4.0,DET,1.0
2023020130,20232024,2,2023-10-30,OFF,BOS,3.0,FLA,2.0
2023020145,20232024,2,2023-11-02,OFF,BOS,3.0,TOR,2.0
2023020161,20232024,2,2023-11-04,OFF,DET,5.0,BOS,4.0
2023020178,20232024,2,2023-11-06,OFF,DAL,2.0,BOS,3.0
2023020193,20232024,2,2023-11-09,OFF,BOS,5.0,NYI,2.0
2023020212,20232024,2,2023-11-11,OFF,MTL,3.0,BOS,2.0
2023020229,20232024,2,2023-11-14,OFF,BUF,2.0,BOS,5.0
2023020258,20232024,2,2023-11-18,OFF,BOS,5.0,MTL,2.0
2023020273,20232024,2,2023-11-20,OFF,TBL,5.0,BOS,4.0
2023020282,20232024,2,2023-11-22,OFF,FLA,1.0,BOS,3.0
2023020293,20232024,2,2023-11-24,OFF,BOS,2.0,DET,5.0
2023020308,20232024,2,2023-11-25,OFF,NYR,7.0,BOS,4.0
2023020321,20232024,2,2023-11-27,OFF,CBJ,5.0,BOS,2.0
2023020340,20232024,2,2023-11-30,OFF,BOS,3.0,SJS,0.0
2023020364,20232024,2,2023-12-02,OFF,TOR,3.0,BOS,4.0
2023020371,20232024,2,2023-12-03,OFF,BOS,3.0,CBJ,1.0
2023020392,20232024,2,2023-12-07,OFF,BOS,1.0,BUF,3.0
2023020443,20232024,2,2023-12-13,OFF,NJD,2.0,BOS,1.0
2023020457,20232024,2,2023-12-15,OFF,NYI,4.0,BOS,5.0
2023020462,20232024,2,2023-12-16,OFF,BOS,1.0,NYR,2.0
2023020484,20232024,2,2023-12-19,OFF,BOS,3.0,MIN,4.0
2023020512,20232024,2,2023-12-22,OFF,WPG,5.0,BOS,1.0
2023020518,20232024,2,2023-12-23,OFF,MIN,3.0,BOS,2.0
2023020532,20232024,2,2023-12-27,OFF,BUF,1.0,BOS,4.0
2023020557,20232024,2,2023-12-30,OFF,BOS,5.0,NJD,2.0
2023020565,20232024,2,2023-12-31,OFF,DET,3.0,BOS,5.0
2023020574,20232024,2,2024-01-02,OFF,CBJ,1.0,BOS,4.0
2023020589,20232024,2,2024-01-04,OFF,BOS,5.0,PIT,6.0
2023020607,20232024,2,2024-01-06,OFF,BOS,7.0,TBL,3.0
2023020624,20232024,2,2024-01-08,OFF,COL,4.0,BOS,3.0
2023020650,20232024,2,2024-01-11,OFF,VGK,2.0,BOS,1.0
2023020667,20232024,2,2024-01-13,OFF,STL,3.0,BOS,4.0
2023020671,20232024,2,2024-01-15,OFF,BOS,3.0,NJD,0.0
2023020692,20232024,2,2024-01-18,OFF,BOS,5.0,COL,2.0
2023020710,20232024,2,2024-01-20,OFF,BOS,9.0,MTL,4.0
2023020724,20232024,2,2024-01-22,OFF,BOS,4.0,WPG,1.0
2023020741,20232024,2,2024-01-24,OFF,BOS,2.0,CAR,3.0
2023020749,20232024,2,2024-01-25,OFF,OTT,2.0,BOS,3.0
2023020759,20232024,2,2024-01-27,OFF,PHI,2.0,BOS,6.0
2023020783,20232024,2,2024-02-06,OFF,BOS,1.0,CGY,4.0
2023020794,20232024,2,2024-02-08,OFF,BOS,4.0,VAN,0.0
2023020808,20232024,2,2024-02-10,OFF,BOS,0.0,WSH,3.0
2023020823,20232024,2,2024-02-13,OFF,BOS,2.0,TBL,3.0
2023020837,20232024,2,2024-02-15,OFF,BOS,1.0,SEA,4.0
2023020853,20232024,2,2024-02-17,OFF,BOS,4.0,LAK,5.0
2023020867,20232024,2,2024-02-19,OFF,BOS,4.0,DAL,3.0
2023020888,20232024,2,2024-02-21,OFF,EDM,5.0,BOS,6.0
2023020896,20232024,2,2024-02-22,OFF,CGY,3.0,BOS,2.0
2023020911,20232024,2,2024-02-24,OFF,VAN,3.0,BOS,2.0
2023020926,20232024,2,2024-02-26,OFF,SEA,4.0,BOS,3.0
2023020941,20232024,2,2024-02-29,OFF,BOS,5.0,VGK,4.0
2023020957,20232024,2,2024-03-02,OFF,NYI,5.0,BOS,1.0
2023020978,20232024,2,2024-03-04,OFF,TOR,1.0,BOS,4.0
2023020981,20232024,2,2024-03-05,OFF,BOS,1.0,EDM,2.0
2023020993,20232024,2,2024-03-07,OFF,BOS,4.0,TOR,1.0
2023021012,20232024,2,2024-03-09,OFF,BOS,5.0,PIT,1.0
2023021027,20232024,2,2024-03-11,OFF,BOS,1.0,STL,5.0
2023021049,20232024,2,2024-03-14,OFF,MTL,1.0,BOS,2.0
2023021064,20232024,2,2024-03-16,OFF,BOS,6.0,PHI,5.0
2023021082,20232024,2,2024-03-19,OFF,BOS,6.0,OTT,2.0
2023021098,20232024,2,2024-03-21,OFF,BOS,2.0,NYR,5.0
2023021114,20232024,2,2024-03-23,OFF,PHI,3.0,BOS,2.0
2023021136,20232024,2,2024-03-26,OFF,FLA,3.0,BOS,4.0
2023021149,20232024,2,2024-03-27,OFF,TBL,3.0,BOS,1.0
2023021176,20232024,2,2024-03-30,OFF,WSH,2.0,BOS,3.0
2023021194,20232024,2,2024-04-02,OFF,NSH,0.0,BOS,3.0
2023021202,20232024,2,2024-04-04,OFF,CAR,1.0,BOS,4.0
2023021218,20232024,2,2024-04-06,OFF,BOS,3.0,FLA,2.0
2023021239,20232024,2,2024-04-09,OFF,BOS,1.0,CAR,4.0
2023021279,20232024,2,2024-04-13,OFF,PIT,4.0,BOS,6.0
2023021291,20232024,2,2024-04-15,OFF,WSH,2.0,BOS,0.0
2023021295,20232024,2,2024-04-16,OFF,BOS,1.0,OTT,3.0
2023020010,20232024,2,2023-10-12,OFF,BUF,1.0,NYR,5.0
2023020027,20232024,2,2023-10-14,OFF,NYI,3.0,BUF,2.0
2023020040,20232024,2,2023-10-17,OFF,BUF,3.0,TBL,2.0
2023020051,20232024,2,2023-10-19,OFF,BUF,3.0,CGY,4.0
2023020067,20232024,2,2023-10-21,OFF,BUF,3.0,NYI,1.0
2023020082,20232024,2,2023-10-23,OFF,BUF,1.0,MTL,3.0
2023020085,20232024,2,2023-10-24,OFF,OTT,4.0,BUF,6.0
2023020113,20232024,2,2023-10-27,OFF,NJD,5.0,BUF,4.0
2023020126,20232024,2,2023-10-29,OFF,BUF,4.0,COL,0.0
2023020141,20232024,2,2023-11-01,OFF,PHI,2.0,BUF,5.0
2023020157,20232024,2,2023-11-03,OFF,BUF,1.0,PHI,5.0
2023020165,20232024,2,2023-11-04,OFF,TOR,4.0,BUF,6.0
2023020180,20232024,2,2023-11-07,OFF,CAR,3.0,BUF,2.0
2023020204,20232024,2,2023-11-10,OFF,BUF,3.0,MIN,2.0
2023020217,20232024,2,2023-11-11,OFF,PIT,4.0,BUF,0.0
2023020252,20232024,2,2023-11-17,OFF,WPG,3.0,BUF,2.0
2023020270,20232024,2,2023-11-19,OFF,CHI,2.0,BUF,3.0
2023020285,20232024,2,2023-11-22,OFF,WSH,4.0,BUF,3.0
2023020301,20232024,2,2023-11-24,OFF,BUF,3.0,PIT,2.0
2023020310,20232024,2,2023-11-25,OFF,NJD,7.0,BUF,2.0
2023020322,20232024,2,2023-11-27,OFF,NYR,1.0,BUF,5.0
2023020348,20232024,2,2023-11-30,OFF,STL,6.0,BUF,4.0
2023020360,20232024,2,2023-12-02,OFF,CAR,6.0,BUF,2.0
2023020372,20232024,2,2023-12-03,OFF,BUF,1.0,NSH,2.0
2023020380,20232024,2,2023-12-05,OFF,BUF,3.0,DET,5.0
2023020411,20232024,2,2023-12-09,OFF,BUF,2.0,MTL,3.0
2023020445,20232024,2,2023-12-13,OFF,COL,5.0,BUF,1.0
2023020460,20232024,2,2023-12-15,OFF,VGK,2.0,BUF,5.0
2023020485,20232024,2,2023-12-19,OFF,BUF,4.0,CBJ,9.0
2023020498,20232024,2,2023-12-21,OFF,BUF,9.0,TOR,3.0
2023020522,20232024,2,2023-12-23,OFF,NYR,4.0,BUF,3.0
2023020556,20232024,2,2023-12-30,OFF,BUF,3.0,CBJ,2.0
2023020566,20232024,2,2023-12-31,OFF,OTT,5.0,BUF,1.0
2023020590,20232024,2,2024-01-04,OFF,MTL,1.0,BUF,6.0
2023020612,20232024,2,2024-01-06,OFF,PIT,1.0,BUF,3.0
2023020625,20232024,2,2024-01-09,OFF,BUF,2.0,SEA,5.0
2023020638,20232024,2,2024-01-11,OFF,BUF,5.0,OTT,3.0
2023020654,20232024,2,2024-01-13,OFF,BUF,0.0,VAN,1.0
2023020672,20232024,2,2024-01-15,OFF,BUF,3.0,SJS,0.0
2023020691,20232024,2,2024-01-18,OFF,BUF,3.0,CHI,0.0
2023020706,20232024,2,2024-01-20,OFF,BUF,1.0,TBL,3.0
2023020745,20232024,2,2024-01-24,OFF,LAK,3.0,BUF,5.0
2023020762,20232024,2,2024-01-27,OFF,SJS,2.0,BUF,5.0
2023020784,20232024,2,2024-02-06,OFF,BUF,1.0,DAL,2.0
2023020804,20232024,2,2024-02-10,OFF,BUF,1.0,STL,3.0
2023020824,20232024,2,2024-02-13,OFF,BUF,7.0,LAK,0.0
2023020838,20232024,2,2024-02-15,OFF,BUF,0.0,FLA,4.0
2023020854,20232024,2,2024-02-17,OFF,MIN,2.0,BUF,3.0
2023020884,20232024,2,2024-02-21,OFF,MTL,2.0,BUF,3.0
2023020900,20232024,2,2024-02-23,OFF,CBJ,1.0,BUF,2.0
2023020918,20232024,2,2024-02-25,OFF,BUF,3.0,CAR,2.0
2023020928,20232024,2,2024-02-27,OFF,FLA,3.0,BUF,2.0
2023020945,20232024,2,2024-02-29,OFF,TBL,2.0,BUF,3.0
2023020960,20232024,2,2024-03-02,OFF,BUF,7.0,VGK,2.0
2023020971,20232024,2,2024-03-03,OFF,BUF,2.0,WPG,5.0
2023020990,20232024,2,2024-03-06,OFF,TOR,2.0,BUF,1.0
2023021000,20232024,2,2024-03-07,OFF,NSH,4.0,BUF,2.0
2023021009,20232024,2,2024-03-09,OFF,BUF,3.0,EDM,2.0
2023021031,20232024,2,2024-03-12,OFF,BUF,7.0,DET,3.0
2023021045,20232024,2,2024-03-14,OFF,BUF,4.0,NYI,0.0
2023021059,20232024,2,2024-03-16,OFF,DET,4.0,BUF,1.0
2023021081,20232024,2,2024-03-18,OFF,SEA,2.0,BUF,6.0
2023021093,20232024,2,2024-03-19,OFF,VAN,3.0,BUF,2.0
2023021104,20232024,2,2024-03-21,OFF,EDM,8.0,BUF,3.0
2023021132,20232024,2,2024-03-24,OFF,CGY,1.0,BUF,4.0
2023021148,20232024,2,2024-03-27,OFF,BUF,2.0,OTT,6.0
2023021164,20232024,2,2024-03-29,OFF,BUF,5.0,NJD,2.0
2023021170,20232024,2,2024-03-30,OFF,BUF,0.0,TOR,3.0
2023021189,20232024,2,2024-04-02,OFF,BUF,6.0,WSH,2.0
2023021211,20232024,2,2024-04-05,OFF,BUF,4.0,PHI,2.0
2023021228,20232024,2,2024-04-07,OFF,DET,3.0,BUF,1.0
2023021246,20232024,2,2024-04-09,OFF,DAL,3.0,BUF,2.0
2023021255,20232024,2,2024-04-11,OFF,BUF,4.0,WSH,2.0
2023021273,20232024,2,2024-04-13,OFF,FLA,3.0,BUF,2.0
2023021290,20232024,2,2024-04-15,OFF,TBL,2.0,BUF,4.0
2023020004,20232024,2,2023-10-11,OFF,CAR,5.0,OTT,3.0
2023020032,20232024,2,2023-10-14,OFF,LAK,5.0,CAR,6.0
2023020047,20232024,2,2023-10-17,OFF,SJS,3.0,CAR,6.0
2023020060,20232024,2,2023-10-19,OFF,SEA,7.0,CAR,4.0
2023020076,20232024,2,2023-10-21,OFF,COL,6.0,CAR,4.0
2023020086,20232024,2,2023-10-24,OFF,TBL,3.0,CAR,0.0
2023020101,20232024,2,2023-10-26,OFF,CAR,3.0,SEA,2.0
2023020112,20232024,2,2023-10-27,OFF,CAR,3.0,SJS,0.0
2023020131,20232024,2,2023-10-30,OFF,PHI,2.0,CAR,3.0
2023020148,20232024,2,2023-11-02,OFF,NYR,2.0,CAR,1.0
2023020167,20232024,2,2023-11-04,OFF,NYI,3.0,CAR,4.0
2023020205,20232024,2,2023-11-10,OFF,FLA,5.0,CAR,2.0
2023020214,20232024,2,2023-11-11,OFF,TBL,0.0,CAR,4.0
2023020238,20232024,2,2023-11-15,OFF,CAR,1.0,PHI,3.0
2023020259,20232024,2,2023-11-18,OFF,CAR,4.0,PIT,2.0
2023020279,20232024,2,2023-11-22,OFF,CAR,6.0,EDM,3.0
2023020303,20232024,2,2023-11-24,OFF,CAR,2.0,TBL,8.0
2023020318,20232024,2,2023-11-26,OFF,CAR,3.0,CBJ,2.0
2023020328,20232024,2,2023-11-28,OFF,PHI,1.0,CAR,4.0
2023020341,20232024,2,2023-11-30,OFF,CAR,4.0,NYI,5.0
2023020377,20232024,2,2023-12-04,OFF,WPG,2.0,CAR,1.0
2023020391,20232024,2,2023-12-06,OFF,EDM,6.0,CAR,1.0
2023020401,20232024,2,2023-12-07,OFF,CGY,3.0,CAR,2.0
2023020419,20232024,2,2023-12-09,OFF,VAN,4.0,CAR,3.0
2023020433,20232024,2,2023-12-12,OFF,OTT,1.0,CAR,4.0
2023020447,20232024,2,2023-12-14,OFF,DET,1.0,CAR,2.0
2023020455,20232024,2,2023-12-15,OFF,CAR,5.0,NSH,6.0
2023020475,20232024,2,2023-12-17,OFF,CAR,1.0,WSH,2.0
2023020486,20232024,2,2023-12-19,OFF,CAR,6.0,VGK,3.0
2023020503,20232024,2,2023-12-21,OFF,PIT,2.0,CAR,1.0
2023020516,20232024,2,2023-12-23,OFF,CAR,4.0,NYI,5.0
2023020535,20232024,2,2023-12-27,OFF,NSH,2.0,CAR,5.0
2023020542,20232024,2,2023-12-28,OFF,CAR,5.0,MTL,3.0
2023020561,20232024,2,2023-12-30,OFF,TOR,2.0,CAR,3.0
2023020575,20232024,2,2024-01-02,OFF,NYR,1.0,CAR,6.0
2023020603,20232024,2,2024-01-05,OFF,WSH,2.0,CAR,6.0
2023020608,20232024,2,2024-01-06,OFF,CAR,1.0,STL,2.0
2023020657,20232024,2,2024-01-13,OFF,CAR,3.0,PIT,2.0
2023020675,20232024,2,2024-01-15,OFF,CAR,2.0,LAK,5.0
2023020702,20232024,2,2024-01-19,OFF,CAR,4.0,DET,2.0
2023020719,20232024,2,2024-01-21,OFF,CAR,2.0,MIN,5.0
2023020746,20232024,2,2024-01-25,OFF,CAR,3.0,NJD,2.0
2023020785,20232024,2,2024-02-06,OFF,CAR,2.0,VAN,3.0
2023020799,20232024,2,2024-02-08,OFF,CAR,5.0,COL,2.0
2023020810,20232024,2,2024-02-10,OFF,CAR,1.0,NJD,0.0
2023020830,20232024,2,2024-02-13,OFF,DAL,4.0,CAR,2.0
2023020862,20232024,2,2024-02-17,OFF,VGK,1.0,CAR,3.0
2023020874,20232024,2,2024-02-19,OFF,CAR,6.0,CHI,3.0
2023020889,20232024,2,2024-02-22,OFF,CAR,1.0,FLA,0.0
2023020907,20232024,2,2024-02-24,OFF,CAR,1.0,DAL,2.0
2023020932,20232024,2,2024-02-27,OFF,MIN,2.0,CAR,3.0
2023020942,20232024,2,2024-02-29,OFF,CBJ,2.0,CAR,4.0
2023020956,20232024,2,2024-03-02,OFF,CAR,3.0,WPG,5.0
2023020994,20232024,2,2024-03-07,OFF,CAR,4.0,MTL,1.0
2023021011,20232024,2,2024-03-09,OFF,NJD,2.0,CAR,4.0
2023021024,20232024,2,2024-03-10,OFF,CAR,7.0,CGY,2.0
2023021032,20232024,2,2024-03-12,OFF,CAR,0.0,NYR,1.0
2023021046,20232024,2,2024-03-14,OFF,CAR,4.0,FLA,0.0
2023021067,20232024,2,2024-03-16,OFF,TOR,4.0,CAR,5.0
2023021077,20232024,2,2024-03-17,OFF,OTT,2.0,CAR,7.0
2023021087,20232024,2,2024-03-19,OFF,NYI,1.0,CAR,4.0
2023021099,20232024,2,2024-03-21,OFF,CAR,3.0,PHI,2.0
2023021109,20232024,2,2024-03-22,OFF,WSH,7.0,CAR,6.0
2023021127,20232024,2,2024-03-24,OFF,CAR,2.0,TOR,1.0
2023021138,20232024,2,2024-03-26,OFF,PIT,4.0,CAR,1.0
2023021150,20232024,2,2024-03-28,OFF,CAR,4.0,DET,0.0
2023021172,20232024,2,2024-03-30,OFF,MTL,0.0,CAR,3.0
2023021212,20232024,2,2024-04-05,OFF,CAR,4.0,WSH,2.0
2023021230,20232024,2,2024-04-07,OFF,CAR,3.0,CBJ,0.0
2023021265,20232024,2,2024-04-12,OFF,STL,2.0,CAR,5.0
2023021285,20232024,2,2024-04-14,OFF,CHI,2.0,CAR,4.0
2023021296,20232024,2,2024-04-16,OFF,CBJ,6.0,CAR,3.0
2023020011,20232024,2,2023-10-12,OFF,CBJ,2.0,PHI,4.0
2023020022,20232024,2,2023-10-14,OFF,CBJ,5.0,NYR,3.0
2023020035,20232024,2,2023-10-16,OFF,CBJ,0.0,DET,4.0
2023020063,20232024,2,2023-10-20,OFF,CBJ,3.0,CGY,1.0
2023020073,20232024,2,2023-10-21,OFF,MIN,4.0,CBJ,5.0
2023020103,20232024,2,2023-10-26,OFF,MTL,4.0,CBJ,3.0
2023020120,20232024,2,2023-10-28,OFF,CBJ,0.0,NYI,2.0
2023020136,20232024,2,2023-10-30,OFF,DAL,5.0,CBJ,3.0
2023020146,20232024,2,2023-11-02,OFF,CBJ,4.0,TBL,2.0
2023020166,20232024,2,2023-11-04,OFF,WSH,2.0,CBJ,1.0
2023020176,20232024,2,2023-11-06,OFF,FLA,5.0,CBJ,4.0
2023020194,20232024,2,2023-11-09,OFF,CBJ,2.0,DAL,5.0
2023020210,20232024,2,2023-11-11,OFF,DET,5.0,CBJ,4.0
2023020225,20232024,2,2023-11-12,OFF,NYR,4.0,CBJ,3.0
2023020230,20232024,2,2023-11-14,OFF,CBJ,3.0,PIT,5.0
2023020263,20232024,2,2023-11-18,OFF,WSH,4.0,CBJ,3.0
2023020268,20232024,2,2023-11-19,OFF,PHI,5.0,CBJ,2.0
2023020280,20232024,2,2023-11-22,OFF,CBJ,7.0,CHI,3.0
2023020296,20232024,2,2023-11-24,OFF,NJD,1.0,CBJ,2.0
2023020337,20232024,2,2023-11-29,OFF,CBJ,2.0,MTL,4.0
2023020354,20232024,2,2023-12-01,OFF,CBJ,4.0,OTT,2.0
2023020381,20232024,2,2023-12-05,OFF,CBJ,3.0,LAK,4.0
2023020397,20232024,2,2023-12-07,OFF,NYI,7.0,CBJ,3.0
2023020405,20232024,2,2023-12-08,OFF,CBJ,5.0,STL,2.0
2023020420,20232024,2,2023-12-10,OFF,CBJ,2.0,FLA,5.0
2023020449,20232024,2,2023-12-14,OFF,TOR,5.0,CBJ,6.0
2023020463,20232024,2,2023-12-16,OFF,CBJ,3.0,NJD,6.0
2023020499,20232024,2,2023-12-21,OFF,CBJ,2.0,WSH,3.0
2023020517,20232024,2,2023-12-23,OFF,CBJ,1.0,TOR,4.0
2023020528,20232024,2,2023-12-27,OFF,NJD,4.0,CBJ,3.0
2023020546,20232024,2,2023-12-29,OFF,CBJ,6.0,TOR,5.0
2023020592,20232024,2,2024-01-04,OFF,PHI,2.0,CBJ,3.0
2023020609,20232024,2,2024-01-06,OFF,CBJ,3.0,MIN,4.0
2023020631,20232024,2,2024-01-09,OFF,WPG,5.0,CBJ,0.0
2023020658,20232024,2,2024-01-13,OFF,CBJ,4.0,SEA,7.0
2023020673,20232024,2,2024-01-15,OFF,CBJ,4.0,VAN,3.0
2023020703,20232024,2,2024-01-19,OFF,CBJ,1.0,NJD,4.0
2023020736,20232024,2,2024-01-23,OFF,EDM,4.0,CBJ,1.0
2023020753,20232024,2,2024-01-25,OFF,CGY,2.0,CBJ,5.0
2023020772,20232024,2,2024-01-27,OFF,VAN,5.0,CBJ,4.0
2023020774,20232024,2,2024-01-28,OFF,SEA,4.0,CBJ,2.0
2023020776,20232024,2,2024-01-30,OFF,STL,0.0,CBJ,1.0
2023020811,20232024,2,2024-02-10,OFF,CBJ,2.0,TBL,4.0
2023020826,20232024,2,2024-02-13,OFF,OTT,6.0,CBJ,3.0
2023020861,20232024,2,2024-02-17,OFF,SJS,3.0,CBJ,4.0
2023020883,20232024,2,2024-02-20,OFF,LAK,5.0,CBJ,1.0
2023020919,20232024,2,2024-02-25,OFF,CBJ,4.0,NYR,2.0
2023020939,20232024,2,2024-02-28,OFF,NYR,4.0,CBJ,1.0
2023020965,20232024,2,2024-03-02,OFF,CHI,2.0,CBJ,5.0
2023020975,20232024,2,2024-03-04,OFF,CBJ,6.0,VGK,3.0
2023020983,20232024,2,2024-03-05,OFF,PIT,5.0,CBJ,3.0
2023020995,20232024,2,2024-03-07,OFF,CBJ,4.0,EDM,2.0
2023021010,20232024,2,2024-03-09,OFF,CBJ,1.0,NSH,2.0
2023021033,20232024,2,2024-03-12,OFF,MTL,3.0,CBJ,0.0
2023021047,20232024,2,2024-03-14,OFF,CBJ,2.0,OTT,3.0
2023021065,20232024,2,2024-03-16,OFF,CBJ,4.0,SJS,2.0
2023021075,20232024,2,2024-03-17,OFF,CBJ,1.0,WPG,6.0
2023021083,20232024,2,2024-03-19,OFF,DET,4.0,CBJ,3.0
2023021111,20232024,2,2024-03-22,OFF,COL,6.0,CBJ,1.0
2023021123,20232024,2,2024-03-23,OFF,VGK,4.0,CBJ,2.0
2023021154,20232024,2,2024-03-28,OFF,PIT,3.0,CBJ,2.0
2023021171,20232024,2,2024-03-30,OFF,CBJ,4.0,PIT,3.0
2023021181,20232024,2,2024-04-01,OFF,CBJ,4.0,COL,1.0
2023021203,20232024,2,2024-04-04,OFF,CBJ,2.0,NYI,4.0
2023021222,20232024,2,2024-04-06,OFF,CBJ,6.0,PHI,2.0
2023021245,20232024,2,2024-04-09,OFF,TBL,5.0,CBJ,2.0
2023021256,20232024,2,2024-04-11,OFF,FLA,4.0,CBJ,0.0
2023021278,20232024,2,2024-04-13,OFF,NSH,6.0,CBJ,4.0
2023020007,20232024,2,2023-10-11,OFF,CGY,5.0,WPG,3.0
2023020025,20232024,2,2023-10-14,OFF,PIT,5.0,CGY,2.0
2023020039,20232024,2,2023-10-16,OFF,WSH,3.0,CGY,2.0
2023020080,20232024,2,2023-10-22,OFF,DET,6.0,CGY,2.0
2023020096,20232024,2,2023-10-24,OFF,CGY,1.0,NYR,3.0
2023020109,20232024,2,2023-10-26,OFF,CGY,0.0,STL,3.0
2023020129,20232024,2,2023-10-29,OFF,EDM,5.0,CGY,2.0
2023020142,20232024,2,2023-11-01,OFF,CGY,3.0,DAL,4.0
2023020170,20232024,2,2023-11-04,OFF,SEA,3.0,CGY,6.0
2023020186,20232024,2,2023-11-07,OFF,CGY,4.0,NSH,2.0
2023020207,20232024,2,2023-11-10,OFF,TOR,5.0,CGY,4.0
2023020213,20232024,2,2023-11-11,OFF,OTT,4.0,CGY,1.0
2023020231,20232024,2,2023-11-14,OFF,MTL,1.0,CGY,2.0
2023020247,20232024,2,2023-11-16,OFF,CGY,5.0,VAN,2.0
2023020260,20232024,2,2023-11-18,OFF,CGY,4.0,NYI,5.0
2023020277,20232024,2,2023-11-20,OFF,SEA,3.0,CGY,4.0
2023020288,20232024,2,2023-11-22,OFF,NSH,4.0,CGY,2.0
2023020305,20232024,2,2023-11-24,OFF,DAL,4.0,CGY,7.0
2023020313,20232024,2,2023-11-25,OFF,COL,3.0,CGY,1.0
2023020325,20232024,2,2023-11-27,OFF,CGY,2.0,VGK,1.0
2023020351,20232024,2,2023-11-30,OFF,CGY,4.0,DAL,3.0
2023020367,20232024,2,2023-12-02,OFF,CGY,3.0,VAN,4.0
2023020385,20232024,2,2023-12-05,OFF,CGY,2.0,MIN,5.0
2023020409,20232024,2,2023-12-09,OFF,CGY,2.0,NJD,4.0
2023020431,20232024,2,2023-12-11,OFF,COL,6.0,CGY,5.0
2023020440,20232024,2,2023-12-12,OFF,VGK,5.0,CGY,4.0
2023020450,20232024,2,2023-12-14,OFF,MIN,3.0,CGY,2.0
2023020471,20232024,2,2023-12-16,OFF,CGY,4.0,TBL,2.0
2023020483,20232024,2,2023-12-18,OFF,CGY,3.0,FLA,1.0
2023020526,20232024,2,2023-12-23,OFF,LAK,5.0,CGY,3.0
2023020539,20232024,2,2023-12-27,OFF,CGY,1.0,SEA,2.0
2023020570,20232024,2,2023-12-31,OFF,CGY,4.0,PHI,3.0
2023020578,20232024,2,2024-01-02,OFF,MIN,1.0,CGY,3.0
2023020595,20232024,2,2024-01-04,OFF,NSH,3.0,CGY,6.0
2023020605,20232024,2,2024-01-06,OFF,PHI,3.0,CGY,2.0
2023020617,20232024,2,2024-01-07,OFF,CHI,4.0,CGY,3.0
2023020634,20232024,2,2024-01-09,OFF,CGY,6.0,OTT,3.0
2023020668,20232024,2,2024-01-13,OFF,VGK,1.0,CGY,3.0
2023020697,20232024,2,2024-01-18,OFF,CGY,3.0,TOR,4.0
2023020714,20232024,2,2024-01-20,OFF,CGY,1.0,EDM,3.0
2023020735,20232024,2,2024-01-23,OFF,CGY,3.0,STL,4.0
2023020771,20232024,2,2024-01-27,OFF,CGY,1.0,CHI,0.0
2023020796,20232024,2,2024-02-08,OFF,NJD,3.0,CGY,5.0
2023020807,20232024,2,2024-02-10,OFF,NYI,2.0,CGY,5.0
2023020820,20232024,2,2024-02-12,OFF,NYR,2.0,CGY,0.0
2023020846,20232024,2,2024-02-15,OFF,CGY,3.0,SJS,6.0
2023020852,20232024,2,2024-02-17,OFF,CGY,0.0,DET,5.0
2023020872,20232024,2,2024-02-19,OFF,CGY,6.0,WPG,3.0
2023020912,20232024,2,2024-02-24,OFF,EDM,3.0,CGY,6.0
2023020935,20232024,2,2024-02-27,OFF,CGY,4.0,LAK,2.0
2023020968,20232024,2,2024-03-02,OFF,CGY,4.0,PIT,3.0
2023020980,20232024,2,2024-03-04,OFF,CGY,2.0,SEA,4.0
2023020999,20232024,2,2024-03-07,OFF,TBL,3.0,CGY,6.0
2023021013,20232024,2,2024-03-09,OFF,FLA,5.0,CGY,1.0
2023021039,20232024,2,2024-03-12,OFF,CGY,2.0,COL,6.0
2023021055,20232024,2,2024-03-14,OFF,CGY,4.0,VGK,1.0
2023021066,20232024,2,2024-03-16,OFF,CGY,5.0,MTL,2.0
2023021080,20232024,2,2024-03-18,OFF,CGY,2.0,WSH,5.0
2023021120,20232024,2,2024-03-23,OFF,VAN,4.0,CGY,2.0
2023021143,20232024,2,2024-03-26,OFF,CHI,3.0,CGY,1.0
2023021157,20232024,2,2024-03-28,OFF,STL,5.0,CGY,3.0
2023021178,20232024,2,2024-03-30,OFF,CGY,4.0,LAK,2.0
2023021209,20232024,2,2024-04-04,OFF,WPG,5.0,CGY,2.0
2023021226,20232024,2,2024-04-06,OFF,CGY,2.0,EDM,4.0
2023021251,20232024,2,2024-04-09,OFF,SJS,2.0,CGY,3.0
2023021264,20232024,2,2024-04-11,OFF,LAK,4.0,CGY,1.0
2023021302,20232024,2,2024-04-16,OFF,VAN,4.0,CGY,1.0
2023021309,20232024,2,2024-04-18,OFF,CGY,5.0,SJS,1.0
2023020002,20232024,2,2023-10-10,OFF,PIT,2.0,CHI,4.0
2023020024,20232024,2,2023-10-14,OFF,MTL,3.0,CHI,2.0
2023020038,20232024,2,2023-10-16,OFF,TOR,1.0,CHI,4.0
2023020061,20232024,2,2023-10-19,OFF,COL,4.0,CHI,0.0
2023020071,20232024,2,2023-10-21,OFF,CHI,3.0,VGK,5.0
2023020111,20232024,2,2023-10-27,OFF,VGK,3.0,CHI,4.0
2023020168,20232024,2,2023-11-04,OFF,CHI,5.0,FLA,2.0
2023020174,20232024,2,2023-11-05,OFF,CHI,2.0,NJD,4.0
2023020198,20232024,2,2023-11-09,OFF,TBL,3.0,CHI,5.0
2023020222,20232024,2,2023-11-12,OFF,FLA,4.0,CHI,3.0
2023020246,20232024,2,2023-11-16,OFF,CHI,2.0,TBL,4.0
2023020256,20232024,2,2023-11-18,OFF,NSH,4.0,CHI,2.0
2023020295,20232024,2,2023-11-24,OFF,CHI,4.0,TOR,3.0
2023020317,20232024,2,2023-11-26,OFF,CHI,2.0,STL,4.0
2023020333,20232024,2,2023-11-28,OFF,CHI,4.0,SEA,3.0
2023020342,20232024,2,2023-11-30,OFF,DET,5.0,CHI,1.0
2023020357,20232024,2,2023-12-02,OFF,WPG,3.0,CHI,1.0
2023020369,20232024,2,2023-12-03,OFF,MIN,4.0,CHI,1.0
2023020384,20232024,2,2023-12-05,OFF,CHI,3.0,NSH,4.0
2023020416,20232024,2,2023-12-09,OFF,CHI,3.0,STL,1.0
2023020422,20232024,2,2023-12-10,OFF,CHI,2.0,WSH,4.0
2023020437,20232024,2,2023-12-12,OFF,EDM,4.0,CHI,1.0
2023020453,20232024,2,2023-12-14,OFF,SEA,7.0,CHI,1.0
2023020474,20232024,2,2023-12-17,OFF,CHI,3.0,VAN,4.0
2023020492,20232024,2,2023-12-19,OFF,CHI,3.0,COL,2.0
2023020513,20232024,2,2023-12-22,OFF,CHI,2.0,MTL,5.0
2023020524,20232024,2,2023-12-23,OFF,STL,7.0,CHI,5.0
2023020538,20232024,2,2023-12-27,OFF,CHI,2.0,WPG,1.0
2023020551,20232024,2,2023-12-29,OFF,DAL,5.0,CHI,4.0
2023020572,20232024,2,2023-12-31,OFF,DAL,8.0,CHI,1.0
2023020579,20232024,2,2024-01-02,OFF,NSH,3.0,CHI,0.0
2023020591,20232024,2,2024-01-04,OFF,NYR,4.0,CHI,1.0
2023020602,20232024,2,2024-01-05,OFF,NJD,4.0,CHI,2.0
2023020632,20232024,2,2024-01-09,OFF,CHI,1.0,EDM,2.0
2023020648,20232024,2,2024-01-11,OFF,WPG,2.0,CHI,1.0
2023020664,20232024,2,2024-01-13,OFF,CHI,1.0,DAL,3.0
2023020686,20232024,2,2024-01-16,OFF,CHI,2.0,SJS,1.0
2023020705,20232024,2,2024-01-19,OFF,CHI,4.0,NYI,3.0
2023020728,20232024,2,2024-01-22,OFF,VAN,2.0,CHI,0.0
2023020743,20232024,2,2024-01-24,OFF,SEA,6.0,CHI,2.0
2023020754,20232024,2,2024-01-25,OFF,EDM,3.0,CHI,0.0
2023020793,20232024,2,2024-02-07,OFF,CHI,1.0,MIN,2.0
2023020802,20232024,2,2024-02-09,OFF,CHI,3.0,NYR,4.0
2023020832,20232024,2,2024-02-13,OFF,CHI,2.0,VAN,4.0
2023020845,20232024,2,2024-02-15,OFF,CHI,1.0,PIT,4.0
2023020851,20232024,2,2024-02-17,OFF,CHI,3.0,OTT,2.0
2023020885,20232024,2,2024-02-21,OFF,CHI,1.0,PHI,3.0
2023020901,20232024,2,2024-02-23,OFF,CHI,2.0,WPG,3.0
2023020920,20232024,2,2024-02-25,OFF,CHI,2.0,DET,3.0
2023020949,20232024,2,2024-02-29,OFF,CHI,0.0,COL,5.0
2023020979,20232024,2,2024-03-04,OFF,COL,5.0,CHI,0.0
2023021017,20232024,2,2024-03-09,OFF,WSH,4.0,CHI,1.0
2023021058,20232024,2,2024-03-15,OFF,CHI,0.0,LAK,5.0
2023021076,20232024,2,2024-03-17,OFF,CHI,5.0,SJS,2.0
2023021092,20232024,2,2024-03-19,OFF,LAK,6.0,CHI,2.0
2023021122,20232024,2,2024-03-23,OFF,SJS,4.0,CHI,5.0
2023021153,20232024,2,2024-03-28,OFF,OTT,2.0,CHI,0.0
2023021173,20232024,2,2024-03-30,OFF,PHI,1.0,CHI,5.0
2023021192,20232024,2,2024-04-02,OFF,NYI,2.0,CHI,1.0
2023021220,20232024,2,2024-04-06,OFF,CHI,3.0,DAL,2.0
2023021229,20232024,2,2024-04-07,OFF,CHI,0.0,MIN,4.0
2023021252,20232024,2,2024-04-10,OFF,STL,5.0,CHI,2.0
2023021266,20232024,2,2024-04-12,OFF,CHI,1.0,NSH,5.0
2023021301,20232024,2,2024-04-16,OFF,VGK,3.0,CHI,1.0
2023021312,20232024,2,2024-04-18,OFF,LAK,5.0,CHI,4.0
2023020008,20232024,2,2023-10-11,OFF,LAK,2.0,COL,5.0
2023020030,20232024,2,2023-10-14,OFF,SJS,1.0,COL,2.0
2023020046,20232024,2,2023-10-17,OFF,SEA,1.0,COL,4.0
2023020090,20232024,2,2023-10-24,OFF,NYI,4.0,COL,7.0
2023020105,20232024,2,2023-10-26,OFF,PIT,4.0,COL,0.0
2023020143,20232024,2,2023-11-01,OFF,COL,4.0,STL,1.0
2023020173,20232024,2,2023-11-04,OFF,VGK,7.0,COL,0.0
2023020188,20232024,2,2023-11-07,OFF,COL,6.0,NJD,3.0
2023020201,20232024,2,2023-11-09,OFF,COL,3.0,SEA,4.0
2023020219,20232024,2,2023-11-11,OFF,COL,2.0,STL,8.0
2023020228,20232024,2,2023-11-13,OFF,SEA,1.0,COL,5.0
2023020264,20232024,2,2023-11-18,OFF,DAL,3.0,COL,6.0
2023020275,20232024,2,2023-11-20,OFF,NSH,4.0,COL,3.0
2023020291,20232024,2,2023-11-22,OFF,COL,5.0,VAN,2.0
2023020306,20232024,2,2023-11-24,OFF,MIN,2.0,COL,3.0
2023020324,20232024,2,2023-11-27,OFF,COL,4.0,TBL,1.0
2023020373,20232024,2,2023-12-03,OFF,LAK,4.0,COL,1.0
2023020402,20232024,2,2023-12-07,OFF,COL,2.0,WPG,4.0
2023020417,20232024,2,2023-12-09,OFF,COL,2.0,PHI,5.0
2023020467,20232024,2,2023-12-16,OFF,WPG,6.0,COL,2.0
2023020477,20232024,2,2023-12-17,OFF,COL,6.0,SJS,2.0
2023020507,20232024,2,2023-12-21,OFF,COL,6.0,OTT,4.0
2023020552,20232024,2,2023-12-29,OFF,STL,1.0,COL,2.0
2023020571,20232024,2,2023-12-31,OFF,COL,3.0,SJS,1.0
2023020582,20232024,2,2024-01-02,OFF,COL,5.0,NYI,4.0
2023020593,20232024,2,2024-01-04,OFF,DAL,4.0,COL,5.0
2023020606,20232024,2,2024-01-06,OFF,COL,4.0,FLA,8.0
2023020637,20232024,2,2024-01-10,OFF,COL,3.0,VGK,0.0
2023020662,20232024,2,2024-01-13,OFF,TOR,3.0,COL,5.0
2023020678,20232024,2,2024-01-15,OFF,MTL,4.0,COL,3.0
2023020682,20232024,2,2024-01-16,OFF,OTT,4.0,COL,7.0
2023020707,20232024,2,2024-01-20,OFF,PHI,4.0,COL,7.0
2023020742,20232024,2,2024-01-24,OFF,COL,6.0,WSH,2.0
2023020757,20232024,2,2024-01-26,OFF,COL,5.0,LAK,1.0
2023020781,20232024,2,2024-02-05,OFF,NYR,2.0,COL,1.0
2023020787,20232024,2,2024-02-06,OFF,NJD,5.0,COL,3.0
2023020809,20232024,2,2024-02-10,OFF,FLA,4.0,COL,0.0
2023020828,20232024,2,2024-02-13,OFF,WSH,3.0,COL,6.0
2023020842,20232024,2,2024-02-15,OFF,TBL,6.0,COL,3.0
2023020881,20232024,2,2024-02-20,OFF,COL,3.0,VAN,1.0
2023020890,20232024,2,2024-02-22,OFF,DET,2.0,COL,1.0
2023020908,20232024,2,2024-02-24,OFF,COL,3.0,TOR,4.0
2023020936,20232024,2,2024-02-27,OFF,COL,5.0,DAL,1.0
2023020959,20232024,2,2024-03-02,OFF,NSH,5.0,COL,1.0
2023020991,20232024,2,2024-03-06,OFF,COL,7.0,DET,2.0
2023021006,20232024,2,2024-03-08,OFF,COL,2.0,MIN,1.0
2023021044,20232024,2,2024-03-13,OFF,VAN,3.0,COL,4.0
2023021070,20232024,2,2024-03-16,OFF,EDM,2.0,COL,3.0
2023021089,20232024,2,2024-03-19,OFF,STL,3.0,COL,4.0
2023021125,20232024,2,2024-03-24,OFF,COL,5.0,PIT,4.0
2023021144,20232024,2,2024-03-26,OFF,COL,1.0,MTL,2.0
2023021159,20232024,2,2024-03-28,OFF,COL,2.0,NYR,3.0
2023021169,20232024,2,2024-03-30,OFF,COL,7.0,NSH,4.0
2023021207,20232024,2,2024-04-04,OFF,MIN,2.0,COL,5.0
2023021214,20232024,2,2024-04-05,OFF,EDM,6.0,COL,2.0
2023021236,20232024,2,2024-04-07,OFF,COL,4.0,DAL,7.0
2023021248,20232024,2,2024-04-09,OFF,COL,5.0,MIN,2.0
2023021272,20232024,2,2024-04-13,OFF,COL,0.0,WPG,7.0
2023021284,20232024,2,2024-04-14,OFF,VGK,4.0,COL,3.0
2023021310,20232024,2,2024-04-18,OFF,COL,5.0,EDM,1.0
2023020013,20232024,2,2023-10-12,OFF,DAL,2.0,STL,1.0
2023020048,20232024,2,2023-10-17,OFF,VGK,3.0,DAL,2.0
2023020072,20232024,2,2023-10-21,OFF,DAL,5.0,PHI,4.0
2023020088,20232024,2,2023-10-24,OFF,PIT,1.0,DAL,4.0
2023020108,20232024,2,2023-10-26,OFF,DAL,1.0,TOR,4.0
2023020152,20232024,2,2023-11-02,OFF,EDM,3.0,DAL,4.0
2023020172,20232024,2,2023-11-04,OFF,VAN,2.0,DAL,0.0
2023020211,20232024,2,2023-11-11,OFF,WPG,2.0,DAL,3.0
2023020223,20232024,2,2023-11-12,OFF,MIN,3.0,DAL,8.0
2023020274,20232024,2,2023-11-20,OFF,DAL,6.0,NYR,3.0
2023020289,20232024,2,2023-11-22,OFF,DAL,1.0,VGK,2.0
2023020332,20232024,2,2023-11-28,OFF,WPG,0.0,DAL,2.0
2023020356,20232024,2,2023-12-02,OFF,DAL,8.0,TBL,1.0
2023020375,20232024,2,2023-12-04,OFF,TBL,4.0,DAL,0.0
2023020388,20232024,2,2023-12-06,OFF,FLA,5.0,DAL,4.0
2023020396,20232024,2,2023-12-07,OFF,WSH,4.0,DAL,5.0
2023020410,20232024,2,2023-12-09,OFF,DAL,1.0,VGK,6.0
2023020430,20232024,2,2023-12-11,OFF,DAL,6.0,DET,3.0
2023020458,20232024,2,2023-12-15,OFF,DAL,5.0,OTT,4.0
2023020469,20232024,2,2023-12-16,OFF,STL,4.0,DAL,3.0
2023020482,20232024,2,2023-12-18,OFF,DAL,4.0,SEA,3.0
2023020505,20232024,2,2023-12-21,OFF,DAL,4.0,VAN,3.0
2023020515,20232024,2,2023-12-23,OFF,NSH,2.0,DAL,3.0
2023020536,20232024,2,2023-12-27,OFF,STL,2.0,DAL,1.0
2023020577,20232024,2,2024-01-02,OFF,DAL,3.0,MTL,4.0
2023020614,20232024,2,2024-01-06,OFF,DAL,3.0,NSH,4.0
2023020623,20232024,2,2024-01-08,OFF,MIN,0.0,DAL,4.0
2023020636,20232024,2,2024-01-10,OFF,DAL,7.0,MIN,2.0
2023020651,20232024,2,2024-01-12,OFF,DAL,3.0,NSH,6.0
2023020684,20232024,2,2024-01-16,OFF,DAL,5.0,LAK,1.0
2023020694,20232024,2,2024-01-18,OFF,PHI,5.0,DAL,1.0
2023020711,20232024,2,2024-01-20,OFF,NJD,2.0,DAL,6.0
2023020721,20232024,2,2024-01-21,OFF,NYI,3.0,DAL,2.0
2023020730,20232024,2,2024-01-23,OFF,DET,4.0,DAL,5.0
2023020760,20232024,2,2024-01-27,OFF,DAL,5.0,WSH,4.0
2023020792,20232024,2,2024-02-07,OFF,TOR,5.0,DAL,4.0
2023020806,20232024,2,2024-02-10,OFF,MTL,2.0,DAL,3.0
2023020847,20232024,2,2024-02-15,OFF,NSH,2.0,DAL,9.0
2023020850,20232024,2,2024-02-17,OFF,DAL,3.0,EDM,4.0
2023020877,20232024,2,2024-02-20,OFF,NYR,3.0,DAL,1.0
2023020892,20232024,2,2024-02-22,OFF,OTT,4.0,DAL,1.0
2023020924,20232024,2,2024-02-26,OFF,DAL,2.0,NYI,3.0
2023020947,20232024,2,2024-02-29,OFF,DAL,4.0,WPG,1.0
2023020966,20232024,2,2024-03-02,OFF,DAL,3.0,SJS,2.0
2023020989,20232024,2,2024-03-05,OFF,SJS,6.0,DAL,7.0
2023021021,20232024,2,2024-03-09,OFF,LAK,1.0,DAL,4.0
2023021036,20232024,2,2024-03-12,OFF,DAL,3.0,FLA,4.0
2023021053,20232024,2,2024-03-14,OFF,DAL,2.0,NJD,6.0
2023021068,20232024,2,2024-03-16,OFF,DAL,4.0,LAK,1.0
2023021110,20232024,2,2024-03-22,OFF,DAL,4.0,PIT,2.0
2023021147,20232024,2,2024-03-26,OFF,SJS,3.0,DAL,6.0
2023021163,20232024,2,2024-03-28,OFF,VAN,1.0,DAL,3.0
2023021179,20232024,2,2024-03-30,OFF,SEA,0.0,DAL,3.0
2023021199,20232024,2,2024-04-03,OFF,DAL,5.0,EDM,0.0
2023021262,20232024,2,2024-04-11,OFF,DAL,0.0,WPG,3.0
2023021271,20232024,2,2024-04-13,OFF,DAL,3.0,SEA,1.0
2023021305,20232024,2,2024-04-17,OFF,DAL,2.0,STL,1.0
2023020012,20232024,2,2023-10-12,OFF,NJD,4.0,DET,3.0
2023020023,20232024,2,2023-10-14,OFF,DET,6.0,TBL,4.0
2023020050,20232024,2,2023-10-18,OFF,DET,6.0,PIT,3.0
2023020065,20232024,2,2023-10-21,OFF,OTT,2.0,DET,5.0
2023020091,20232024,2,2023-10-24,OFF,DET,4.0,SEA,5.0
2023020102,20232024,2,2023-10-26,OFF,DET,1.0,WPG,4.0
2023020134,20232024,2,2023-10-30,OFF,NYI,3.0,DET,4.0
2023020147,20232024,2,2023-11-02,OFF,DET,0.0,FLA,2.0
2023020183,20232024,2,2023-11-07,OFF,NYR,5.0,DET,3.0
2023020195,20232024,2,2023-11-09,OFF,DET,2.0,MTL,3.0
2023020242,20232024,2,2023-11-16,OFF,OTT,5.0,DET,4.0
2023020251,20232024,2,2023-11-17,OFF,DET,2.0,TOR,3.0
2023020281,20232024,2,2023-11-22,OFF,DET,4.0,NJD,0.0
2023020316,20232024,2,2023-11-26,OFF,DET,4.0,MIN,1.0
2023020338,20232024,2,2023-11-29,OFF,NYR,3.0,DET,2.0
2023020361,20232024,2,2023-12-02,OFF,MTL,4.0,DET,5.0
2023020393,20232024,2,2023-12-07,OFF,DET,5.0,SJS,6.0
2023020412,20232024,2,2023-12-09,OFF,DET,1.0,OTT,5.0
2023020436,20232024,2,2023-12-12,OFF,STL,4.0,DET,6.0
2023020465,20232024,2,2023-12-16,OFF,PHI,1.0,DET,0.0
2023020495,20232024,2,2023-12-20,OFF,WPG,5.0,DET,2.0
2023020510,20232024,2,2023-12-22,OFF,DET,7.0,PHI,6.0
2023020519,20232024,2,2023-12-23,OFF,NJD,3.0,DET,2.0
2023020534,20232024,2,2023-12-27,OFF,MIN,6.0,DET,3.0
2023020547,20232024,2,2023-12-29,OFF,DET,5.0,NSH,4.0
2023020586,20232024,2,2024-01-02,OFF,SJS,3.0,DET,5.0
2023020600,20232024,2,2024-01-04,OFF,LAK,3.0,DET,4.0
2023020640,20232024,2,2024-01-11,OFF,DET,2.0,EDM,3.0
2023020659,20232024,2,2024-01-13,OFF,DET,5.0,LAK,3.0
2023020670,20232024,2,2024-01-14,OFF,TOR,2.0,DET,4.0
2023020689,20232024,2,2024-01-17,OFF,FLA,2.0,DET,3.0
2023020720,20232024,2,2024-01-21,OFF,DET,2.0,TBL,1.0
2023020747,20232024,2,2024-01-25,OFF,DET,3.0,PHI,0.0
2023020764,20232024,2,2024-01-27,OFF,DET,5.0,VGK,2.0
2023020778,20232024,2,2024-01-31,OFF,DET,2.0,OTT,3.0
2023020805,20232024,2,2024-02-10,OFF,DET,4.0,VAN,3.0
2023020833,20232024,2,2024-02-13,OFF,EDM,8.0,DET,4.0
2023020848,20232024,2,2024-02-15,OFF,VAN,4.0,DET,1.0
2023020870,20232024,2,2024-02-19,OFF,SEA,3.0,DET,4.0
2023020909,20232024,2,2024-02-24,OFF,DET,6.0,STL,1.0
2023020927,20232024,2,2024-02-27,OFF,DET,8.0,WSH,3.0
2023020943,20232024,2,2024-02-29,OFF,DET,3.0,NYI,5.0
2023020961,20232024,2,2024-03-02,OFF,DET,0.0,FLA,4.0
2023021020,20232024,2,2024-03-09,OFF,VGK,5.0,DET,3.0
2023021078,20232024,2,2024-03-17,OFF,PIT,6.0,DET,3.0
2023021100,20232024,2,2024-03-21,OFF,DET,6.0,NYI,3.0
2023021116,20232024,2,2024-03-23,OFF,NSH,1.0,DET,0.0
2023021140,20232024,2,2024-03-26,OFF,WSH,4.0,DET,3.0
2023021165,20232024,2,2024-03-30,OFF,FLA,3.0,DET,2.0
2023021184,20232024,2,2024-04-01,OFF,TBL,2.0,DET,4.0
2023021213,20232024,2,2024-04-05,OFF,DET,3.0,NYR,4.0
2023021240,20232024,2,2024-04-09,OFF,DET,1.0,WSH,2.0
2023021258,20232024,2,2024-04-11,OFF,PIT,6.0,DET,5.0
2023021277,20232024,2,2024-04-13,OFF,TOR,4.0,DET,5.0
2023021287,20232024,2,2024-04-15,OFF,DET,5.0,MTL,4.0
2023021298,20232024,2,2024-04-16,OFF,MTL,4.0,DET,5.0
2023020009,20232024,2,2023-10-11,OFF,VAN,8.0,EDM,1.0
2023020029,20232024,2,2023-10-14,OFF,EDM,3.0,VAN,4.0
2023020044,20232024,2,2023-10-17,OFF,NSH,1.0,EDM,6.0
2023020054,20232024,2,2023-10-19,OFF,PHI,4.0,EDM,1.0
2023020077,20232024,2,2023-10-21,OFF,EDM,2.0,WPG,3.0
2023020094,20232024,2,2023-10-24,OFF,MIN,7.0,EDM,4.0
2023020110,20232024,2,2023-10-26,OFF,EDM,0.0,NYR,3.0
2023020159,20232024,2,2023-11-04,OFF,EDM,2.0,NSH,5.0
2023020179,20232024,2,2023-11-06,OFF,VAN,6.0,EDM,2.0
2023020203,20232024,2,2023-11-09,OFF,SJS,3.0,EDM,2.0
2023020220,20232024,2,2023-11-11,OFF,SEA,1.0,EDM,4.0
2023020227,20232024,2,2023-11-13,OFF,EDM,4.0,NYI,1.0
2023020239,20232024,2,2023-11-15,OFF,EDM,4.0,SEA,3.0
2023020257,20232024,2,2023-11-18,OFF,TBL,6.0,EDM,4.0
2023020272,20232024,2,2023-11-20,OFF,FLA,5.0,EDM,3.0
2023020298,20232024,2,2023-11-24,OFF,WSH,0.0,EDM,5.0
2023020335,20232024,2,2023-11-28,OFF,EDM,5.0,VGK,4.0
2023020349,20232024,2,2023-11-30,OFF,WPG,1.0,EDM,3.0
2023020407,20232024,2,2023-12-08,OFF,EDM,4.0,MIN,3.0
2023020421,20232024,2,2023-12-10,OFF,EDM,4.0,NJD,1.0
2023020452,20232024,2,2023-12-14,OFF,EDM,4.0,TBL,7.0
2023020472,20232024,2,2023-12-16,OFF,EDM,1.0,FLA,5.0
2023020490,20232024,2,2023-12-19,OFF,NYI,3.0,EDM,1.0
2023020501,20232024,2,2023-12-21,OFF,NJD,3.0,EDM,6.0
2023020511,20232024,2,2023-12-22,OFF,NYR,3.0,EDM,4.0
2023020545,20232024,2,2023-12-28,OFF,SJS,0.0,EDM,5.0
2023020563,20232024,2,2023-12-30,OFF,LAK,2.0,EDM,3.0
2023020583,20232024,2,2024-01-02,OFF,EDM,5.0,PHI,2.0
2023020615,20232024,2,2024-01-06,OFF,EDM,3.0,OTT,1.0
2023020660,20232024,2,2024-01-13,OFF,MTL,1.0,EDM,2.0
2023020688,20232024,2,2024-01-16,OFF,EDM,4.0,TOR,2.0
2023020698,20232024,2,2024-01-18,OFF,EDM,4.0,SEA,2.0
2023020761,20232024,2,2024-01-27,OFF,EDM,4.0,NSH,1.0
2023020790,20232024,2,2024-02-06,OFF,VGK,3.0,EDM,1.0
2023020816,20232024,2,2024-02-10,OFF,LAK,4.0,EDM,0.0
2023020844,20232024,2,2024-02-15,OFF,STL,6.0,EDM,3.0
2023020902,20232024,2,2024-02-23,OFF,EDM,2.0,MIN,4.0
2023020925,20232024,2,2024-02-26,OFF,EDM,4.0,LAK,2.0
2023020940,20232024,2,2024-02-28,OFF,EDM,3.0,STL,2.0
2023020958,20232024,2,2024-03-02,OFF,SEA,1.0,EDM,2.0
2023020974,20232024,2,2024-03-03,OFF,EDM,6.0,PIT,1.0
2023021022,20232024,2,2024-03-10,OFF,PIT,0.0,EDM,4.0
2023021043,20232024,2,2024-03-13,OFF,EDM,7.0,WSH,2.0
2023021090,20232024,2,2024-03-19,OFF,EDM,3.0,MTL,2.0
2023021118,20232024,2,2024-03-23,OFF,TOR,6.0,EDM,3.0
2023021128,20232024,2,2024-03-24,OFF,OTT,5.0,EDM,3.0
2023021142,20232024,2,2024-03-26,OFF,WPG,3.0,EDM,4.0
2023021160,20232024,2,2024-03-28,OFF,EDM,4.0,LAK,1.0
2023021186,20232024,2,2024-04-01,OFF,STL,3.0,EDM,2.0
2023021253,20232024,2,2024-04-10,OFF,EDM,5.0,VGK,1.0
2023021280,20232024,2,2024-04-13,OFF,EDM,1.0,VAN,3.0
2023021293,20232024,2,2024-04-15,OFF,EDM,9.0,SJS,2.0
2023020014,20232024,2,2023-10-12,OFF,MIN,2.0,FLA,0.0
2023020020,20232024,2,2023-10-14,OFF,WPG,6.0,FLA,4.0
2023020036,20232024,2,2023-10-16,OFF,NJD,3.0,FLA,4.0
2023020052,20232024,2,2023-10-19,OFF,FLA,3.0,TOR,1.0
2023020068,20232024,2,2023-10-21,OFF,FLA,3.0,VAN,5.0
2023020089,20232024,2,2023-10-24,OFF,FLA,3.0,SJS,1.0
2023020118,20232024,2,2023-10-28,OFF,FLA,3.0,SEA,2.0
2023020191,20232024,2,2023-11-08,OFF,WSH,3.0,FLA,4.0
2023020237,20232024,2,2023-11-14,OFF,SJS,3.0,FLA,5.0
2023020249,20232024,2,2023-11-16,OFF,LAK,2.0,FLA,1.0
2023020304,20232024,2,2023-11-24,OFF,FLA,0.0,WPG,3.0
2023020323,20232024,2,2023-11-27,OFF,OTT,0.0,FLA,5.0
2023020329,20232024,2,2023-11-28,OFF,TOR,2.0,FLA,1.0
2023020343,20232024,2,2023-11-30,OFF,MTL,1.0,FLA,5.0
2023020359,20232024,2,2023-12-02,OFF,FLA,3.0,NYI,4.0
2023020406,20232024,2,2023-12-08,OFF,FLA,3.0,PIT,1.0
2023020438,20232024,2,2023-12-12,OFF,SEA,4.0,FLA,0.0
2023020454,20232024,2,2023-12-14,OFF,VAN,4.0,FLA,0.0
2023020500,20232024,2,2023-12-21,OFF,FLA,1.0,STL,4.0
2023020514,20232024,2,2023-12-23,OFF,FLA,4.0,VGK,2.0
2023020530,20232024,2,2023-12-27,OFF,TBL,2.0,FLA,3.0
2023020548,20232024,2,2023-12-29,OFF,FLA,4.0,NYR,3.0
2023020558,20232024,2,2023-12-30,OFF,FLA,4.0,MTL,1.0
2023020599,20232024,2,2024-01-04,OFF,VGK,1.0,FLA,4.0
2023020630,20232024,2,2024-01-09,OFF,STL,1.0,FLA,5.0
2023020641,20232024,2,2024-01-11,OFF,FLA,3.0,LAK,2.0
2023020656,20232024,2,2024-01-13,OFF,FLA,1.0,NJD,4.0
2023020704,20232024,2,2024-01-19,OFF,FLA,4.0,MIN,6.0
2023020726,20232024,2,2024-01-22,OFF,NSH,1.0,FLA,4.0
2023020756,20232024,2,2024-01-26,OFF,PIT,2.0,FLA,3.0
2023020769,20232024,2,2024-01-27,OFF,NYI,2.0,FLA,3.0
2023020786,20232024,2,2024-02-06,OFF,FLA,1.0,PHI,2.0
2023020795,20232024,2,2024-02-08,OFF,FLA,4.0,WSH,2.0
2023020834,20232024,2,2024-02-14,OFF,PIT,2.0,FLA,5.0
2023020856,20232024,2,2024-02-17,OFF,TBL,2.0,FLA,9.0
2023020876,20232024,2,2024-02-20,OFF,FLA,3.0,OTT,2.0
2023020906,20232024,2,2024-02-24,OFF,FLA,3.0,WSH,2.0
2023020944,20232024,2,2024-02-29,OFF,FLA,4.0,MTL,3.0
2023020976,20232024,2,2024-03-04,OFF,NYR,2.0,FLA,4.0
2023020982,20232024,2,2024-03-05,OFF,NJD,3.0,FLA,5.0
2023020996,20232024,2,2024-03-07,OFF,FLA,1.0,PHI,2.0
2023021063,20232024,2,2024-03-16,OFF,FLA,3.0,TBL,5.0
2023021101,20232024,2,2024-03-21,OFF,FLA,0.0,NSH,3.0
2023021119,20232024,2,2024-03-23,OFF,NYR,4.0,FLA,3.0
2023021129,20232024,2,2024-03-24,OFF,PHI,1.0,FLA,4.0
2023021151,20232024,2,2024-03-28,OFF,FLA,2.0,NYI,3.0
2023021185,20232024,2,2024-04-01,OFF,TOR,6.0,FLA,4.0
2023021190,20232024,2,2024-04-02,OFF,MTL,5.0,FLA,3.0
2023021205,20232024,2,2024-04-04,OFF,OTT,0.0,FLA,6.0
2023021241,20232024,2,2024-04-09,OFF,FLA,2.0,OTT,0.0
2023021297,20232024,2,2024-04-16,OFF,FLA,5.0,TOR,2.0
2023020045,20232024,2,2023-10-17,OFF,WPG,1.0,LAK,5.0
2023020056,20232024,2,2023-10-19,OFF,MIN,3.0,LAK,7.0
2023020125,20232024,2,2023-10-28,OFF,LAK,3.0,VGK,4.0
2023020139,20232024,2,2023-10-31,OFF,TOR,1.0,LAK,4.0
2023020149,20232024,2,2023-11-02,OFF,OTT,2.0,LAK,3.0
2023020163,20232024,2,2023-11-04,OFF,PHI,0.0,LAK,5.0
2023020192,20232024,2,2023-11-08,OFF,VGK,1.0,LAK,4.0
2023020202,20232024,2,2023-11-09,OFF,LAK,3.0,PIT,4.0
2023020221,20232024,2,2023-11-11,OFF,LAK,2.0,PHI,4.0
2023020266,20232024,2,2023-11-18,OFF,LAK,5.0,STL,1.0
2023020309,20232024,2,2023-11-25,OFF,LAK,4.0,MTL,0.0
2023020339,20232024,2,2023-11-29,OFF,LAK,1.0,WSH,2.0
2023020394,20232024,2,2023-12-07,OFF,MTL,0.0,LAK,4.0
2023020415,20232024,2,2023-12-09,OFF,NYI,3.0,LAK,2.0
2023020424,20232024,2,2023-12-10,OFF,NYR,4.0,LAK,1.0
2023020446,20232024,2,2023-12-13,OFF,LAK,2.0,WPG,5.0
2023020473,20232024,2,2023-12-16,OFF,SEA,2.0,LAK,3.0
2023020494,20232024,2,2023-12-19,OFF,SJS,1.0,LAK,4.0
2023020497,20232024,2,2023-12-20,OFF,LAK,1.0,SEA,2.0
2023020541,20232024,2,2023-12-27,OFF,LAK,5.0,SJS,1.0
2023020544,20232024,2,2023-12-28,OFF,VGK,3.0,LAK,2.0
2023020585,20232024,2,2024-01-02,OFF,LAK,0.0,TOR,3.0
2023020618,20232024,2,2024-01-07,OFF,WSH,4.0,LAK,3.0
2023020626,20232024,2,2024-01-09,OFF,TBL,3.0,LAK,2.0
2023020699,20232024,2,2024-01-18,OFF,LAK,1.0,NSH,2.0
2023020717,20232024,2,2024-01-20,OFF,LAK,2.0,NYR,1.0
2023020729,20232024,2,2024-01-22,OFF,LAK,3.0,SJS,4.0
2023020773,20232024,2,2024-01-28,OFF,STL,4.0,LAK,3.0
2023020779,20232024,2,2024-01-31,OFF,NSH,2.0,LAK,4.0
2023020839,20232024,2,2024-02-15,OFF,NJD,1.0,LAK,2.0
2023020865,20232024,2,2024-02-18,OFF,PIT,1.0,LAK,2.0
2023020899,20232024,2,2024-02-22,OFF,LAK,1.0,NSH,4.0
2023020951,20232024,2,2024-02-29,OFF,VAN,1.0,LAK,5.0
2023020970,20232024,2,2024-03-03,OFF,LAK,5.0,NJD,1.0
2023020988,20232024,2,2024-03-05,OFF,LAK,1.0,VAN,2.0
2023021003,20232024,2,2024-03-07,OFF,LAK,4.0,OTT,3.0
2023021030,20232024,2,2024-03-11,OFF,LAK,3.0,NYI,0.0
2023021041,20232024,2,2024-03-13,OFF,STL,3.0,LAK,1.0
2023021097,20232024,2,2024-03-20,OFF,LAK,6.0,MIN,0.0
2023021121,20232024,2,2024-03-23,OFF,LAK,4.0,TBL,3.0
2023021135,20232024,2,2024-03-25,OFF,VAN,2.0,LAK,3.0
2023021187,20232024,2,2024-04-01,OFF,WPG,4.0,LAK,3.0
2023021201,20232024,2,2024-04-03,OFF,LAK,5.0,SEA,2.0
2023021210,20232024,2,2024-04-04,OFF,SJS,1.0,LAK,2.0
2023021227,20232024,2,2024-04-06,OFF,LAK,6.0,VAN,3.0
2023021294,20232024,2,2024-04-15,OFF,LAK,1.0,MIN,3.0
2023020026,20232024,2,2023-10-14,OFF,TOR,7.0,MIN,4.0
2023020041,20232024,2,2023-10-17,OFF,MTL,2.0,MIN,5.0
2023020104,20232024,2,2023-10-26,OFF,PHI,6.0,MIN,2.0
2023020114,20232024,2,2023-10-27,OFF,WSH,3.0,MIN,2.0
2023020127,20232024,2,2023-10-29,OFF,NJD,4.0,MIN,3.0
2023020151,20232024,2,2023-11-02,OFF,MIN,3.0,NJD,5.0
2023020169,20232024,2,2023-11-04,OFF,MIN,5.0,NYR,4.0
2023020182,20232024,2,2023-11-07,OFF,NYI,2.0,MIN,4.0
2023020196,20232024,2,2023-11-09,OFF,NYR,4.0,MIN,1.0
2023020254,20232024,2,2023-11-18,OFF,OTT,2.0,MIN,1.0
2023020267,20232024,2,2023-11-19,OFF,MIN,3.0,TOR,4.0
2023020330,20232024,2,2023-11-28,OFF,MIN,3.0,STL,1.0
2023020347,20232024,2,2023-11-30,OFF,NSH,1.0,MIN,6.0
2023020404,20232024,2,2023-12-07,OFF,VAN,2.0,MIN,0.0
2023020426,20232024,2,2023-12-10,OFF,SEA,0.0,MIN,3.0
2023020461,20232024,2,2023-12-16,OFF,MIN,2.0,VAN,1.0
2023020480,20232024,2,2023-12-18,OFF,PIT,4.0,MIN,3.0
2023020506,20232024,2,2023-12-21,OFF,MIN,4.0,MTL,3.0
2023020555,20232024,2,2023-12-30,OFF,WPG,4.0,MIN,2.0
2023020564,20232024,2,2023-12-31,OFF,MIN,2.0,WPG,3.0
2023020594,20232024,2,2024-01-04,OFF,MIN,1.0,TBL,4.0
2023020652,20232024,2,2024-01-12,OFF,MIN,3.0,PHI,4.0
2023020676,20232024,2,2024-01-15,OFF,MIN,5.0,NYI,0.0
2023020695,20232024,2,2024-01-18,OFF,TBL,7.0,MIN,3.0
2023020734,20232024,2,2024-01-23,OFF,MIN,5.0,WSH,3.0
2023020752,20232024,2,2024-01-25,OFF,MIN,2.0,NSH,3.0
2023020801,20232024,2,2024-02-09,OFF,MIN,3.0,PIT,2.0
2023020822,20232024,2,2024-02-12,OFF,VGK,3.0,MIN,5.0
2023020869,20232024,2,2024-02-19,OFF,MIN,10.0,VAN,7.0
2023020880,20232024,2,2024-02-20,OFF,WPG,6.0,MIN,3.0
2023020913,20232024,2,2024-02-24,OFF,SEA,2.0,MIN,5.0
2023020948,20232024,2,2024-02-29,OFF,NSH,6.0,MIN,1.0
2023020967,20232024,2,2024-03-02,OFF,STL,3.0,MIN,1.0
2023020972,20232024,2,2024-03-03,OFF,MIN,4.0,SJS,3.0
2023021023,20232024,2,2024-03-10,OFF,MIN,4.0,NSH,3.0
2023021069,20232024,2,2024-03-16,OFF,STL,3.0,MIN,2.0
2023021115,20232024,2,2024-03-23,OFF,MIN,4.0,STL,5.0
2023021156,20232024,2,2024-03-28,OFF,MIN,3.0,SJS,1.0
2023021166,20232024,2,2024-03-30,OFF,MIN,1.0,VGK,2.0
2023021193,20232024,2,2024-04-02,OFF,MIN,3.0,OTT,2.0
2023021219,20232024,2,2024-04-06,OFF,MIN,2.0,WPG,4.0
2023021269,20232024,2,2024-04-12,OFF,VGK,7.0,MIN,2.0
2023021282,20232024,2,2024-04-13,OFF,SJS,2.0,MIN,6.0
2023021307,20232024,2,2024-04-18,OFF,MIN,3.0,SEA,4.0
2023020005,20232024,2,2023-10-11,OFF,TOR,6.0,MTL,5.0
2023020069,20232024,2,2023-10-21,OFF,MTL,3.0,WSH,2.0
2023020087,20232024,2,2023-10-24,OFF,MTL,2.0,NJD,5.0
2023020121,20232024,2,2023-10-28,OFF,MTL,4.0,WPG,3.0
2023020138,20232024,2,2023-10-30,OFF,VGK,3.0,MTL,2.0
2023020164,20232024,2,2023-11-04,OFF,STL,6.0,MTL,3.0
2023020181,20232024,2,2023-11-07,OFF,MTL,3.0,TBL,5.0
2023020224,20232024,2,2023-11-12,OFF,MTL,2.0,VAN,5.0
2023020244,20232024,2,2023-11-16,OFF,MTL,5.0,VGK,6.0
2023020300,20232024,2,2023-11-24,OFF,SJS,2.0,MTL,3.0
2023020376,20232024,2,2023-12-04,OFF,MTL,4.0,SEA,2.0
2023020423,20232024,2,2023-12-10,OFF,MTL,1.0,NSH,2.0
2023020442,20232024,2,2023-12-13,OFF,MTL,3.0,PIT,4.0
2023020464,20232024,2,2023-12-16,OFF,MTL,5.0,NYI,3.0
2023020481,20232024,2,2023-12-18,OFF,WPG,2.0,MTL,3.0
2023020568,20232024,2,2023-12-31,OFF,TBL,4.0,MTL,3.0
2023020610,20232024,2,2024-01-06,OFF,MTL,4.0,NYR,3.0
2023020635,20232024,2,2024-01-10,OFF,PHI,3.0,MTL,2.0
2023020642,20232024,2,2024-01-11,OFF,MTL,2.0,SJS,3.0
2023020690,20232024,2,2024-01-17,OFF,NJD,2.0,MTL,3.0
2023020693,20232024,2,2024-01-18,OFF,OTT,6.0,MTL,2.0
2023020731,20232024,2,2024-01-23,OFF,MTL,1.0,OTT,4.0
2023020748,20232024,2,2024-01-25,OFF,MTL,4.0,NYI,3.0
2023020766,20232024,2,2024-01-27,OFF,PIT,3.0,MTL,2.0
2023020789,20232024,2,2024-02-06,OFF,WSH,2.0,MTL,5.0
2023020817,20232024,2,2024-02-11,OFF,MTL,2.0,STL,7.0
2023020840,20232024,2,2024-02-15,OFF,NYR,7.0,MTL,4.0
2023020857,20232024,2,2024-02-17,OFF,MTL,3.0,WSH,4.0
2023020893,20232024,2,2024-02-22,OFF,PIT,4.0,MTL,1.0
2023020903,20232024,2,2024-02-24,OFF,NJD,4.0,MTL,3.0
2023020963,20232024,2,2024-03-02,OFF,TBL,4.0,MTL,3.0
2023020985,20232024,2,2024-03-05,OFF,NSH,3.0,MTL,4.0
2023021014,20232024,2,2024-03-09,OFF,MTL,2.0,TOR,3.0
2023021106,20232024,2,2024-03-21,OFF,VAN,4.0,MTL,1.0
2023021133,20232024,2,2024-03-24,OFF,SEA,1.0,MTL,5.0
2023021152,20232024,2,2024-03-28,OFF,MTL,4.0,PHI,1.0
2023021204,20232024,2,2024-04-04,OFF,MTL,4.0,TBL,7.0
2023021223,20232024,2,2024-04-06,OFF,MTL,2.0,TOR,4.0
2023021234,20232024,2,2024-04-07,OFF,NYR,5.0,MTL,2.0
2023021242,20232024,2,2024-04-09,OFF,MTL,9.0,PHI,3.0
2023021261,20232024,2,2024-04-11,OFF,NYI,3.0,MTL,2.0
2023021276,20232024,2,2024-04-13,OFF,OTT,5.0,MTL,4.0
2023020064,20232024,2,2023-10-20,OFF,NYI,4.0,NJD,5.0
2023020099,20232024,2,2023-10-25,OFF,NJD,4.0,WSH,6.0
2023020158,20232024,2,2023-11-03,OFF,STL,4.0,NJD,1.0
2023020206,20232024,2,2023-11-10,OFF,NJD,2.0,WSH,4.0
2023020236,20232024,2,2023-11-14,OFF,WPG,6.0,NJD,3.0
2023020245,20232024,2,2023-11-16,OFF,PIT,2.0,NJD,5.0
2023020261,20232024,2,2023-11-18,OFF,NJD,3.0,NYR,5.0
2023020327,20232024,2,2023-11-28,OFF,NJD,5.0,NYI,4.0
2023020344,20232024,2,2023-11-30,OFF,PHI,3.0,NJD,4.0
2023020355,20232024,2,2023-12-01,OFF,NJD,3.0,SJS,6.0
2023020387,20232024,2,2023-12-05,OFF,VAN,5.0,NJD,6.0
2023020403,20232024,2,2023-12-07,OFF,SEA,1.0,NJD,2.0
2023020487,20232024,2,2023-12-19,OFF,NJD,2.0,PHI,3.0
2023020549,20232024,2,2023-12-29,OFF,OTT,2.0,NJD,6.0
2023020587,20232024,2,2024-01-03,OFF,WSH,3.0,NJD,6.0
2023020611,20232024,2,2024-01-06,OFF,NJD,4.0,VAN,6.0
2023020644,20232024,2,2024-01-11,OFF,TBL,4.0,NJD,3.0
2023020725,20232024,2,2024-01-22,OFF,NJD,6.0,VGK,5.0
2023020767,20232024,2,2024-01-27,OFF,TBL,6.0,NJD,3.0
2023020819,20232024,2,2024-02-12,OFF,NJD,3.0,SEA,1.0
2023020831,20232024,2,2024-02-13,OFF,NSH,2.0,NJD,4.0
2023020859,20232024,2,2024-02-17,OFF,NJD,6.0,PHI,3.0
2023020879,20232024,2,2024-02-20,OFF,WSH,6.0,NJD,2.0
2023020891,20232024,2,2024-02-22,OFF,NJD,1.0,NYR,5.0
2023020916,20232024,2,2024-02-25,OFF,NJD,1.0,TBL,4.0
2023020938,20232024,2,2024-02-27,OFF,SJS,2.0,NJD,7.0
2023020997,20232024,2,2024-03-07,OFF,NJD,4.0,STL,1.0
2023021028,20232024,2,2024-03-11,OFF,NYR,3.0,NJD,1.0
2023021074,20232024,2,2024-03-17,OFF,VGK,3.0,NJD,1.0
2023021084,20232024,2,2024-03-19,OFF,NJD,5.0,PIT,2.0
2023021102,20232024,2,2024-03-21,OFF,NJD,4.0,WPG,1.0
2023021117,20232024,2,2024-03-23,OFF,NJD,2.0,OTT,5.0
2023021126,20232024,2,2024-03-24,OFF,NYI,0.0,NJD,4.0
2023021139,20232024,2,2024-03-26,OFF,TOR,3.0,NJD,6.0
2023021191,20232024,2,2024-04-02,OFF,NJD,3.0,PIT,6.0
2023021198,20232024,2,2024-04-03,OFF,NYR,4.0,NJD,3.0
2023021224,20232024,2,2024-04-06,OFF,OTT,3.0,NJD,4.0
2023021233,20232024,2,2024-04-07,OFF,NJD,2.0,NSH,3.0
2023021243,20232024,2,2024-04-09,OFF,NJD,2.0,TOR,5.0
2023021260,20232024,2,2024-04-11,OFF,TOR,5.0,NJD,6.0
2023021274,20232024,2,2024-04-13,OFF,PHI,1.0,NJD,0.0
2023021288,20232024,2,2024-04-15,OFF,NJD,1.0,NYI,4.0
2023020001,20232024,2,2023-10-10,OFF,TBL,5.0,NSH,3.0
2023020015,20232024,2,2023-10-12,OFF,NSH,3.0,SEA,0.0
2023020053,20232024,2,2023-10-19,OFF,NYR,1.0,NSH,4.0
2023020074,20232024,2,2023-10-21,OFF,NSH,5.0,SJS,1.0
2023020095,20232024,2,2023-10-24,OFF,NSH,2.0,VAN,3.0
2023020122,20232024,2,2023-10-28,OFF,NSH,3.0,TOR,2.0
2023020140,20232024,2,2023-10-31,OFF,VAN,5.0,NSH,2.0
2023020154,20232024,2,2023-11-02,OFF,SEA,4.0,NSH,2.0
2023020200,20232024,2,2023-11-09,OFF,WPG,6.0,NSH,3.0
2023020297,20232024,2,2023-11-24,OFF,STL,3.0,NSH,8.0
2023020319,20232024,2,2023-11-26,OFF,NSH,3.0,WPG,2.0
2023020331,20232024,2,2023-11-28,OFF,NSH,3.0,PIT,2.0
2023020358,20232024,2,2023-12-02,OFF,NSH,3.0,NYR,4.0
2023020398,20232024,2,2023-12-07,OFF,NSH,5.0,TBL,1.0
2023020413,20232024,2,2023-12-09,OFF,TOR,4.0,NSH,0.0
2023020435,20232024,2,2023-12-12,OFF,NSH,3.0,PHI,2.0
2023020468,20232024,2,2023-12-16,OFF,NSH,3.0,WSH,1.0
2023020491,20232024,2,2023-12-19,OFF,NSH,2.0,VAN,5.0
2023020502,20232024,2,2023-12-21,OFF,PHI,2.0,NSH,4.0
2023020562,20232024,2,2023-12-30,OFF,WSH,2.0,NSH,3.0
2023020666,20232024,2,2024-01-13,OFF,NSH,3.0,NYI,1.0
2023020680,20232024,2,2024-01-15,OFF,VGK,4.0,NSH,1.0
2023020775,20232024,2,2024-01-29,OFF,OTT,4.0,NSH,3.0
2023020855,20232024,2,2024-02-17,OFF,STL,2.0,NSH,5.0
2023020882,20232024,2,2024-02-20,OFF,VGK,3.0,NSH,5.0
2023020914,20232024,2,2024-02-24,OFF,SJS,2.0,NSH,4.0
2023020933,20232024,2,2024-02-27,OFF,NSH,4.0,OTT,1.0
2023021042,20232024,2,2024-03-13,OFF,WPG,2.0,NSH,4.0
2023021071,20232024,2,2024-03-16,OFF,SEA,1.0,NSH,4.0
2023021088,20232024,2,2024-03-19,OFF,NSH,8.0,SJS,2.0
2023021141,20232024,2,2024-03-26,OFF,NSH,5.0,VGK,4.0
2023021208,20232024,2,2024-04-04,OFF,NSH,6.0,STL,3.0
2023021225,20232024,2,2024-04-06,OFF,NYI,2.0,NSH,0.0
2023021247,20232024,2,2024-04-09,OFF,NSH,3.0,WPG,4.0
2023021289,20232024,2,2024-04-15,OFF,PIT,4.0,NSH,2.0
2023020107,20232024,2,2023-10-26,OFF,NYI,3.0,OTT,2.0
2023020150,20232024,2,2023-11-02,OFF,WSH,0.0,NYI,3.0
2023020216,20232024,2,2023-11-11,OFF,NYI,1.0,WSH,4.0
2023020241,20232024,2,2023-11-15,OFF,VAN,4.0,NYI,3.0
2023020248,20232024,2,2023-11-16,OFF,SEA,4.0,NYI,3.0
2023020286,20232024,2,2023-11-22,OFF,NYI,3.0,PHI,2.0
2023020302,20232024,2,2023-11-24,OFF,OTT,3.0,NYI,5.0
2023020312,20232024,2,2023-11-25,OFF,NYI,0.0,PHI,1.0
2023020383,20232024,2,2023-12-05,OFF,NYI,4.0,SJS,5.0
2023020429,20232024,2,2023-12-11,OFF,NYI,4.0,TOR,3.0
2023020496,20232024,2,2023-12-20,OFF,WSH,3.0,NYI,2.0
2023020533,20232024,2,2023-12-27,OFF,NYI,0.0,PIT,7.0
2023020550,20232024,2,2023-12-29,OFF,NYI,5.0,WSH,1.0
2023020567,20232024,2,2023-12-31,OFF,PIT,3.0,NYI,1.0
2023020616,20232024,2,2024-01-06,OFF,VGK,5.0,NYI,2.0
2023020628,20232024,2,2024-01-09,OFF,NYI,2.0,VAN,5.0
2023020646,20232024,2,2024-01-11,OFF,NYI,4.0,TOR,3.0
2023020685,20232024,2,2024-01-16,OFF,WPG,4.0,NYI,2.0
2023020733,20232024,2,2024-01-23,OFF,NYI,2.0,VGK,3.0
2023020782,20232024,2,2024-02-05,OFF,TOR,2.0,NYI,3.0
2023020798,20232024,2,2024-02-08,OFF,NYI,6.0,TBL,2.0
2023020829,20232024,2,2024-02-13,OFF,NYI,1.0,SEA,2.0
2023020863,20232024,2,2024-02-18,OFF,NYI,5.0,NYR,6.0
2023020878,20232024,2,2024-02-20,OFF,PIT,4.0,NYI,5.0
2023020895,20232024,2,2024-02-22,OFF,STL,4.0,NYI,0.0
2023020904,20232024,2,2024-02-24,OFF,NYI,2.0,TBL,4.0
2023020984,20232024,2,2024-03-05,OFF,NYI,4.0,STL,2.0
2023021004,20232024,2,2024-03-07,OFF,SJS,2.0,NYI,7.0
2023021060,20232024,2,2024-03-16,OFF,NYI,3.0,OTT,4.0
2023021073,20232024,2,2024-03-17,OFF,NYR,5.0,NYI,2.0
2023021113,20232024,2,2024-03-23,OFF,NYI,6.0,WPG,3.0
2023021174,20232024,2,2024-03-30,OFF,TBL,4.0,NYI,1.0
2023021183,20232024,2,2024-04-01,OFF,PHI,3.0,NYI,4.0
2023021244,20232024,2,2024-04-09,OFF,NYI,4.0,NYR,2.0
2023021270,20232024,2,2024-04-13,OFF,NYR,3.0,NYI,2.0
2023021303,20232024,2,2024-04-17,OFF,NYI,5.0,PIT,4.0
2023020078,20232024,2,2023-10-21,OFF,SEA,1.0,NYR,4.0
2023020124,20232024,2,2023-10-28,OFF,VAN,3.0,NYR,4.0
2023020135,20232024,2,2023-10-30,OFF,WPG,2.0,NYR,3.0
2023020283,20232024,2,2023-11-22,OFF,PIT,0.0,NYR,1.0
2023020294,20232024,2,2023-11-24,OFF,PHI,1.0,NYR,3.0
2023020370,20232024,2,2023-12-03,OFF,NYR,6.0,SJS,5.0
2023020382,20232024,2,2023-12-05,OFF,OTT,6.0,NYR,2.0
2023020414,20232024,2,2023-12-09,OFF,WSH,4.0,NYR,0.0
2023020432,20232024,2,2023-12-12,OFF,NYR,3.0,TOR,7.0
2023020489,20232024,2,2023-12-19,OFF,TOR,2.0,NYR,5.0
2023020529,20232024,2,2023-12-27,OFF,NYR,5.0,WSH,1.0
2023020560,20232024,2,2023-12-30,OFF,TBL,1.0,NYR,5.0
2023020621,20232024,2,2024-01-08,OFF,NYR,3.0,VAN,6.0
2023020647,20232024,2,2024-01-11,OFF,STL,5.0,NYR,2.0
2023020653,20232024,2,2024-01-13,OFF,WSH,3.0,NYR,2.0
2023020669,20232024,2,2024-01-14,OFF,NYR,2.0,WSH,1.0
2023020681,20232024,2,2024-01-16,OFF,NYR,5.0,SEA,2.0
2023020701,20232024,2,2024-01-18,OFF,VGK,5.0,NYR,1.0
2023020738,20232024,2,2024-01-23,OFF,SJS,3.0,NYR,2.0
2023020755,20232024,2,2024-01-26,OFF,NYR,2.0,VGK,5.0
2023020765,20232024,2,2024-01-27,OFF,OTT,2.0,NYR,7.0
2023020791,20232024,2,2024-02-07,OFF,NYR,3.0,TBL,1.0
2023020905,20232024,2,2024-02-24,OFF,PHI,1.0,NYR,2.0
2023020964,20232024,2,2024-03-02,OFF,TOR,4.0,NYR,3.0
2023021018,20232024,2,2024-03-09,OFF,NYR,4.0,STL,0.0
2023021052,20232024,2,2024-03-14,OFF,TBL,6.0,NYR,3.0
2023021061,20232024,2,2024-03-16,OFF,PIT,4.0,NYR,7.0
2023021085,20232024,2,2024-03-19,OFF,NYR,2.0,WPG,4.0
2023021137,20232024,2,2024-03-26,OFF,NYR,6.0,PHI,5.0
2023021182,20232024,2,2024-04-01,OFF,NYR,2.0,PIT,5.0
2023021257,20232024,2,2024-04-11,OFF,NYR,1.0,PHI,4.0
2023021292,20232024,2,2024-04-15,OFF,NYR,4.0,OTT,0.0
2023020019,20232024,2,2023-10-14,OFF,OTT,5.0,PHI,2.0
2023020033,20232024,2,2023-10-15,OFF,OTT,5.0,TBL,2.0
2023020049,20232024,2,2023-10-18,OFF,OTT,6.0,WSH,1.0
2023020123,20232024,2,2023-10-28,OFF,PIT,2.0,OTT,5.0
2023020162,20232024,2,2023-11-04,OFF,OTT,4.0,TBL,6.0
2023020190,20232024,2,2023-11-08,OFF,TOR,3.0,OTT,6.0
2023020197,20232024,2,2023-11-09,OFF,OTT,2.0,VAN,5.0
2023020362,20232024,2,2023-12-02,OFF,OTT,2.0,SEA,0.0
2023020395,20232024,2,2023-12-07,OFF,OTT,3.0,TOR,4.0
2023020451,20232024,2,2023-12-14,OFF,STL,4.0,OTT,2.0
2023020478,20232024,2,2023-12-17,OFF,VGK,6.0,OTT,3.0
2023020520,20232024,2,2023-12-23,OFF,OTT,5.0,PIT,4.0
2023020531,20232024,2,2023-12-27,OFF,TOR,2.0,OTT,4.0
2023020584,20232024,2,2024-01-02,OFF,VAN,6.0,OTT,3.0
2023020598,20232024,2,2024-01-04,OFF,SEA,4.0,OTT,1.0
2023020655,20232024,2,2024-01-13,OFF,OTT,5.0,SJS,4.0
2023020709,20232024,2,2024-01-20,OFF,OTT,1.0,WPG,2.0
2023020718,20232024,2,2024-01-21,OFF,PHI,3.0,OTT,5.0
2023020812,20232024,2,2024-02-10,OFF,OTT,5.0,TOR,3.0
2023020875,20232024,2,2024-02-19,OFF,TBL,2.0,OTT,4.0
2023020910,20232024,2,2024-02-24,OFF,OTT,4.0,VGK,3.0
2023020923,20232024,2,2024-02-26,OFF,WSH,6.0,OTT,3.0
2023020962,20232024,2,2024-03-02,OFF,PHI,4.0,OTT,2.0
2023021015,20232024,2,2024-03-09,OFF,SJS,2.0,OTT,1.0
2023021034,20232024,2,2024-03-12,OFF,OTT,2.0,PIT,1.0
2023021103,20232024,2,2024-03-21,OFF,OTT,2.0,STL,5.0
2023021175,20232024,2,2024-03-30,OFF,WPG,2.0,OTT,3.0
2023021232,20232024,2,2024-04-07,OFF,WSH,2.0,OTT,3.0
2023021259,20232024,2,2024-04-11,OFF,TBL,2.0,OTT,3.0
2023020042,20232024,2,2023-10-17,OFF,PHI,2.0,VAN,0.0
2023020098,20232024,2,2023-10-24,OFF,VGK,3.0,PHI,2.0
2023020189,20232024,2,2023-11-07,OFF,SJS,2.0,PHI,1.0
2023020255,20232024,2,2023-11-18,OFF,PHI,4.0,VGK,3.0
2023020363,20232024,2,2023-12-02,OFF,PIT,3.0,PHI,4.0
2023020374,20232024,2,2023-12-04,OFF,PHI,2.0,PIT,1.0
2023020448,20232024,2,2023-12-14,OFF,PHI,4.0,WSH,3.0
2023020543,20232024,2,2023-12-28,OFF,VAN,1.0,PHI,4.0
2023020554,20232024,2,2023-12-29,OFF,SEA,2.0,PHI,1.0
2023020622,20232024,2,2024-01-08,OFF,PHI,1.0,PIT,4.0
2023020663,20232024,2,2024-01-13,OFF,WPG,0.0,PHI,2.0
2023020679,20232024,2,2024-01-15,OFF,STL,2.0,PHI,4.0
2023020732,20232024,2,2024-01-23,OFF,PHI,3.0,TBL,6.0
2023020797,20232024,2,2024-02-08,OFF,PHI,4.0,WPG,1.0
2023020813,20232024,2,2024-02-10,OFF,PHI,3.0,SEA,2.0
2023020843,20232024,2,2024-02-15,OFF,TOR,4.0,PHI,3.0
2023020917,20232024,2,2024-02-25,OFF,PIT,7.0,PHI,6.0
2023020930,20232024,2,2024-02-27,OFF,PHI,6.0,TBL,2.0
2023020954,20232024,2,2024-03-01,OFF,WSH,5.0,PHI,2.0
2023020977,20232024,2,2024-03-04,OFF,PHI,1.0,STL,2.0
2023021016,20232024,2,2024-03-09,OFF,TBL,7.0,PHI,0.0
2023021035,20232024,2,2024-03-12,OFF,PHI,3.0,SJS,2.0
2023021050,20232024,2,2024-03-14,OFF,PHI,2.0,TOR,6.0
2023021086,20232024,2,2024-03-19,OFF,PHI,4.0,TOR,3.0
2023021299,20232024,2,2024-04-16,OFF,PHI,1.0,WSH,2.0
2023020018,20232024,2,2023-10-13,OFF,WSH,0.0,PIT,4.0
2023020075,20232024,2,2023-10-21,OFF,STL,4.0,PIT,2.0
2023020171,20232024,2,2023-11-04,OFF,SJS,2.0,PIT,10.0
2023020269,20232024,2,2023-11-19,OFF,PIT,3.0,VGK,0.0
2023020311,20232024,2,2023-11-25,OFF,PIT,3.0,TOR,2.0
2023020345,20232024,2,2023-11-30,OFF,TBL,2.0,PIT,4.0
2023020389,20232024,2,2023-12-06,OFF,TBL,3.0,PIT,1.0
2023020466,20232024,2,2023-12-16,OFF,TOR,7.0,PIT,0.0
2023020559,20232024,2,2023-12-30,OFF,PIT,4.0,STL,2.0
2023020576,20232024,2,2024-01-02,OFF,PIT,3.0,WSH,4.0
2023020643,20232024,2,2024-01-11,OFF,PIT,3.0,VAN,4.0
2023020677,20232024,2,2024-01-15,OFF,PIT,3.0,SEA,0.0
2023020716,20232024,2,2024-01-20,OFF,VGK,3.0,PIT,2.0
2023020788,20232024,2,2024-02-06,OFF,PIT,3.0,WPG,0.0
2023020814,20232024,2,2024-02-10,OFF,WPG,2.0,PIT,1.0
2023020937,20232024,2,2024-02-27,OFF,VAN,3.0,PIT,4.0
2023020950,20232024,2,2024-02-29,OFF,SEA,2.0,PIT,0.0
2023020998,20232024,2,2024-03-07,OFF,PIT,0.0,WSH,6.0
2023021051,20232024,2,2024-03-14,OFF,PIT,6.0,SJS,3.0
2023021206,20232024,2,2024-04-04,OFF,WSH,1.0,PIT,4.0
2023021217,20232024,2,2024-04-06,OFF,PIT,5.0,TBL,4.0
2023021237,20232024,2,2024-04-08,OFF,TOR,3.0,PIT,2.0
2023020003,20232024,2,2023-10-10,OFF,VGK,4.0,SEA,1.0
2023020028,20232024,2,2023-10-14,OFF,STL,2.0,SEA,1.0
2023020133,20232024,2,2023-10-30,OFF,TBL,3.0,SEA,4.0
2023020265,20232024,2,2023-11-18,OFF,VAN,3.0,SEA,4.0
2023020292,20232024,2,2023-11-22,OFF,SEA,7.0,SJS,1.0
2023020307,20232024,2,2023-11-24,OFF,SEA,1.0,VAN,5.0
2023020346,20232024,2,2023-11-30,OFF,TOR,4.0,SEA,3.0
2023020418,20232024,2,2023-12-09,OFF,SEA,3.0,TBL,4.0
2023020573,20232024,2,2024-01-01,OFF,SEA,3.0,VGK,0.0
2023020645,20232024,2,2024-01-11,OFF,WSH,1.0,SEA,4.0
2023020723,20232024,2,2024-01-21,OFF,SEA,1.0,TOR,3.0
2023020758,20232024,2,2024-01-26,OFF,SEA,3.0,STL,4.0
2023020777,20232024,2,2024-01-30,OFF,SJS,2.0,SEA,0.0
2023020897,20232024,2,2024-02-22,OFF,SEA,5.0,VAN,2.0
2023020986,20232024,2,2024-03-05,OFF,WPG,3.0,SEA,4.0
2023021008,20232024,2,2024-03-08,OFF,SEA,0.0,WPG,3.0
2023021040,20232024,2,2024-03-12,OFF,SEA,4.0,VGK,5.0
2023021056,20232024,2,2024-03-14,OFF,SEA,1.0,WSH,2.0
2023021107,20232024,2,2024-03-21,OFF,VGK,3.0,SEA,1.0
2023021188,20232024,2,2024-04-01,OFF,SJS,2.0,SEA,4.0
2023021263,20232024,2,2024-04-11,OFF,SEA,1.0,SJS,3.0
2023021283,20232024,2,2024-04-14,OFF,STL,4.0,SEA,1.0
2023021300,20232024,2,2024-04-16,OFF,WPG,4.0,SEA,3.0
2023020016,20232024,2,2023-10-12,OFF,SJS,1.0,VGK,4.0
2023020106,20232024,2,2023-10-26,OFF,TBL,6.0,SJS,0.0
2023020128,20232024,2,2023-10-29,OFF,WSH,3.0,SJS,1.0
2023020156,20232024,2,2023-11-02,OFF,SJS,1.0,VAN,10.0
2023020209,20232024,2,2023-11-10,OFF,VGK,5.0,SJS,0.0
2023020250,20232024,2,2023-11-16,OFF,SJS,5.0,STL,1.0
2023020278,20232024,2,2023-11-20,OFF,VAN,3.0,SJS,1.0
2023020314,20232024,2,2023-11-25,OFF,SJS,4.0,VAN,3.0
2023020326,20232024,2,2023-11-27,OFF,SJS,2.0,WSH,1.0
2023020427,20232024,2,2023-12-10,OFF,VGK,5.0,SJS,4.0
2023020441,20232024,2,2023-12-12,OFF,SJS,2.0,WPG,1.0
2023020527,20232024,2,2023-12-23,OFF,VAN,7.0,SJS,4.0
2023020601,20232024,2,2024-01-04,OFF,SJS,1.0,WPG,2.0
2023020613,20232024,2,2024-01-06,OFF,SJS,1.0,TOR,4.0
2023020627,20232024,2,2024-01-09,OFF,TOR,7.0,SJS,1.0
2023020835,20232024,2,2024-02-14,OFF,WPG,1.0,SJS,0.0
2023020873,20232024,2,2024-02-19,OFF,SJS,0.0,VGK,4.0
2023021108,20232024,2,2024-03-21,OFF,SJS,1.0,TBL,4.0
2023021177,20232024,2,2024-03-30,OFF,STL,0.0,SJS,4.0
2023021221,20232024,2,2024-04-06,OFF,SJS,3.0,STL,2.0
2023020093,20232024,2,2023-10-24,OFF,WPG,4.0,STL,2.0
2023020116,20232024,2,2023-10-27,OFF,VAN,5.0,STL,0.0
2023020184,20232024,2,2023-11-07,OFF,STL,2.0,WPG,5.0
2023020235,20232024,2,2023-11-14,OFF,STL,5.0,TBL,0.0
2023020379,20232024,2,2023-12-04,OFF,VGK,1.0,STL,2.0
2023020390,20232024,2,2023-12-06,OFF,STL,3.0,VGK,6.0
2023020488,20232024,2,2023-12-19,OFF,TBL,6.0,STL,1.0
2023020596,20232024,2,2024-01-04,OFF,STL,2.0,VAN,1.0
2023020696,20232024,2,2024-01-18,OFF,WSH,5.0,STL,2.0
2023020713,20232024,2,2024-01-20,OFF,STL,3.0,WSH,0.0
2023020744,20232024,2,2024-01-24,OFF,VAN,3.0,STL,4.0
2023020827,20232024,2,2024-02-13,OFF,TOR,4.0,STL,1.0
2023020868,20232024,2,2024-02-19,OFF,STL,2.0,TOR,4.0
2023020934,20232024,2,2024-02-27,OFF,WPG,4.0,STL,2.0
2023021134,20232024,2,2024-03-25,OFF,STL,1.0,VGK,2.0
2023020055,20232024,2,2023-10-19,OFF,TBL,4.0,VAN,3.0
2023020070,20232024,2,2023-10-21,OFF,TBL,3.0,TOR,4.0
2023020177,20232024,2,2023-11-06,OFF,TOR,6.0,TBL,5.0
2023020284,20232024,2,2023-11-22,OFF,TBL,2.0,WPG,3.0
2023020439,20232024,2,2023-12-12,OFF,VAN,4.0,TBL,1.0
2023020504,20232024,2,2023-12-21,OFF,TBL,5.0,VGK,4.0
2023020521,20232024,2,2023-12-23,OFF,WSH,1.0,TBL,2.0
2023020580,20232024,2,2024-01-02,OFF,WPG,4.0,TBL,2.0
2023020894,20232024,2,2024-02-22,OFF,TBL,3.0,WSH,5.0
2023021094,20232024,2,2024-03-19,OFF,VGK,3.0,TBL,5.0
2023021197,20232024,2,2024-04-03,OFF,TOR,1.0,TBL,4.0
2023021275,20232024,2,2024-04-13,OFF,WSH,4.0,TBL,2.0
2023021304,20232024,2,2024-04-17,OFF,TBL,6.0,TOR,4.0
2023020083,20232024,2,2023-10-24,OFF,WSH,1.0,TOR,4.0
2023020215,20232024,2,2023-11-11,OFF,TOR,5.0,VAN,2.0
2023020712,20232024,2,2024-01-20,OFF,VAN,6.0,TOR,4.0
2023020740,20232024,2,2024-01-24,OFF,TOR,1.0,WPG,0.0
2023020768,20232024,2,2024-01-27,OFF,WPG,2.0,TOR,4.0
2023020898,20232024,2,2024-02-22,OFF,VGK,3.0,TOR,7.0
2023020931,20232024,2,2024-02-27,OFF,TOR,2.0,VGK,6.0
2023021095,20232024,2,2024-03-20,OFF,WSH,3.0,TOR,7.0
2023021155,20232024,2,2024-03-28,OFF,TOR,5.0,WSH,1.0
2023020353,20232024,2,2023-11-30,OFF,VAN,1.0,VGK,4.0
2023020818,20232024,2,2024-02-11,OFF,WSH,2.0,VAN,3.0
2023020860,20232024,2,2024-02-17,OFF,VAN,2.0,WPG,4.0
2023021002,20232024,2,2024-03-07,OFF,VGK,1.0,VAN,3.0
2023021019,20232024,2,2024-03-09,OFF,VAN,5.0,WPG,0.0
2023021072,20232024,2,2024-03-16,OFF,VAN,1.0,WSH,2.0
2023021196,20232024,2,2024-04-02,OFF,VGK,6.0,VAN,3.0
2023021238,20232024,2,2024-04-08,OFF,VAN,4.0,VGK,3.0
2023021308,20232024,2,2024-04-18,OFF,WPG,4.0,VAN,2.0
2023020058,20232024,2,2023-10-19,OFF,WPG,3.0,VGK,5.0
2023020155,20232024,2,2023-11-02,OFF,VGK,5.0,WPG,2.0
2023020232,20232024,2,2023-11-14,OFF,WSH,3.0,VGK,0.0
2023020368,20232024,2,2023-12-02,OFF,VGK,4.0,WSH,1.0
2023021158,20232024,2,2024-03-28,OFF,WPG,1.0,VGK,4.0
2023021029,20232024,2,2024-03-11,OFF,WPG,3.0,WSH,0.0
2023021124,20232024,2,2024-03-24,OFF,WSH,3.0,WPG,0.0
2024020037,20242025,2,2024-10-12,OFF,SJS,0.0,ANA,2.0
2024020041,20242025,2,2024-10-13,OFF,VGK,3.0,ANA,1.0
2024020060,20242025,2,2024-10-16,OFF,ANA,5.0,UTA,4.0
2024020074,20242025,2,2024-10-18,OFF,COL,4.0,ANA,3.0
2024020090,20242025,2,2024-10-20,OFF,ANA,1.0,LAK,4.0
2024020105,20242025,2,2024-10-22,OFF,ANA,3.0,SJS,1.0
2024020128,20242025,2,2024-10-26,OFF,NYR,2.0,ANA,1.0
2024020137,20242025,2,2024-10-27,OFF,NJD,6.0,ANA,2.0
2024020152,20242025,2,2024-10-29,OFF,NYI,1.0,ANA,3.0
2024020163,20242025,2,2024-10-31,OFF,PIT,2.0,ANA,1.0
2024020191,20242025,2,2024-11-03,OFF,ANA,2.0,CHI,4.0
2024020203,20242025,2,2024-11-05,OFF,ANA,1.0,VAN,5.0
2024020222,20242025,2,2024-11-08,OFF,ANA,2.0,MIN,5.0
2024020238,20242025,2,2024-11-10,OFF,ANA,4.0,CBJ,2.0
2024020256,20242025,2,2024-11-13,OFF,ANA,2.0,VGK,3.0
2024020271,20242025,2,2024-11-15,OFF,ANA,6.0,DET,4.0
2024020291,20242025,2,2024-11-18,OFF,DAL,2.0,ANA,4.0
2024020298,20242025,2,2024-11-19,OFF,CHI,2.0,ANA,3.0
2024020317,20242025,2,2024-11-22,OFF,ANA,2.0,BUF,3.0
2024020343,20242025,2,2024-11-25,OFF,ANA,2.0,SEA,3.0
2024020360,20242025,2,2024-11-27,OFF,SEA,2.0,ANA,5.0
2024020370,20242025,2,2024-11-29,OFF,ANA,1.0,LAK,2.0
2024020392,20242025,2,2024-12-01,OFF,ANA,4.0,OTT,3.0
2024020408,20242025,2,2024-12-04,OFF,ANA,1.0,VGK,4.0
2024020424,20242025,2,2024-12-06,OFF,ANA,1.0,MIN,5.0
2024020445,20242025,2,2024-12-09,OFF,MTL,3.0,ANA,2.0
2024020458,20242025,2,2024-12-11,OFF,OTT,5.0,ANA,1.0
2024020459,20242025,2,2024-12-12,OFF,TOR,3.0,ANA,2.0
2024020481,20242025,2,2024-12-14,OFF,CBJ,3.0,ANA,4.0
2024020511,20242025,2,2024-12-18,OFF,ANA,3.0,WPG,2.0
2024020527,20242025,2,2024-12-20,OFF,ANA,2.0,COL,4.0
2024020542,20242025,2,2024-12-22,OFF,UTA,4.0,ANA,5.0
2024020557,20242025,2,2024-12-23,OFF,VGK,3.0,ANA,1.0
2024020568,20242025,2,2024-12-28,OFF,ANA,1.0,PHI,3.0
2024020578,20242025,2,2024-12-29,OFF,ANA,5.0,EDM,3.0
2024020598,20242025,2,2024-12-31,OFF,ANA,3.0,NJD,2.0
2024020609,20242025,2,2025-01-02,OFF,WPG,3.0,ANA,4.0
2024020618,20242025,2,2025-01-03,OFF,EDM,3.0,ANA,2.0
2024020636,20242025,2,2025-01-05,OFF,ANA,4.0,TBL,1.0
2024020648,20242025,2,2025-01-07,OFF,ANA,2.0,CGY,3.0
2024020661,20242025,2,2025-01-09,OFF,STL,6.0,ANA,2.0
2024020675,20242025,2,2025-01-11,OFF,PHI,6.0,ANA,0.0
2024020687,20242025,2,2025-01-12,OFF,CAR,2.0,ANA,3.0
2024020697,20242025,2,2025-01-14,OFF,WSH,3.0,ANA,0.0
2024020709,20242025,2,2025-01-16,OFF,TBL,4.0,ANA,3.0
2024020725,20242025,2,2025-01-18,OFF,FLA,3.0,ANA,0.0
2024020756,20242025,2,2025-01-21,OFF,ANA,2.0,FLA,5.0
2024020769,20242025,2,2025-01-23,OFF,ANA,5.0,PIT,1.0
2024020787,20242025,2,2025-01-25,OFF,ANA,5.0,NSH,2.0
2024020806,20242025,2,2025-01-28,OFF,SEA,4.0,ANA,6.0
2024020818,20242025,2,2025-01-30,OFF,CGY,4.0,ANA,1.0
2024020837,20242025,2,2025-02-02,OFF,ANA,3.0,MTL,2.0
2024020856,20242025,2,2025-02-04,OFF,ANA,2.0,DAL,1.0
2024020888,20242025,2,2025-02-08,OFF,LAK,1.0,ANA,2.0
2024020899,20242025,2,2025-02-22,OFF,BOS,2.0,ANA,3.0
2024020908,20242025,2,2025-02-23,OFF,DET,5.0,ANA,4.0
2024020919,20242025,2,2025-02-25,OFF,BUF,3.0,ANA,2.0
2024020944,20242025,2,2025-02-27,OFF,ANA,5.0,VAN,2.0
2024020959,20242025,2,2025-03-01,OFF,ANA,3.0,CHI,6.0
2024020981,20242025,2,2025-03-04,OFF,EDM,2.0,ANA,6.0
2024020986,20242025,2,2025-03-05,OFF,VAN,3.0,ANA,2.0
2024021002,20242025,2,2025-03-07,OFF,ANA,3.0,STL,4.0
2024021020,20242025,2,2025-03-09,OFF,ANA,4.0,NYI,1.0
2024021033,20242025,2,2025-03-11,OFF,ANA,4.0,WSH,7.0
2024021038,20242025,2,2025-03-12,OFF,UTA,3.0,ANA,2.0
2024021053,20242025,2,2025-03-14,OFF,ANA,2.0,NSH,1.0
2024021068,20242025,2,2025-03-16,OFF,STL,7.0,ANA,2.0
2024021083,20242025,2,2025-03-18,OFF,DAL,4.0,ANA,3.0
2024021096,20242025,2,2025-03-20,OFF,NSH,1.0,ANA,4.0
2024021123,20242025,2,2025-03-23,OFF,ANA,2.0,CAR,5.0
2024021142,20242025,2,2025-03-26,OFF,ANA,6.0,BOS,2.0
2024021158,20242025,2,2025-03-28,OFF,ANA,5.0,NYR,4.0
2024021176,20242025,2,2025-03-30,OFF,ANA,2.0,TOR,3.0
2024021190,20242025,2,2025-04-01,OFF,ANA,4.0,SJS,3.0
2024021203,20242025,2,2025-04-03,OFF,CGY,4.0,ANA,1.0
2024021212,20242025,2,2025-04-05,OFF,VAN,6.0,ANA,2.0
2024021232,20242025,2,2025-04-07,OFF,ANA,3.0,EDM,2.0
2024021249,20242025,2,2025-04-09,OFF,ANA,4.0,CGY,3.0
2024021259,20242025,2,2025-04-10,OFF,LAK,6.0,ANA,1.0
2024021284,20242025,2,2025-04-13,OFF,ANA,2.0,COL,4.0
2024021298,20242025,2,2025-04-15,OFF,MIN,3.0,ANA,2.0
2024021302,20242025,2,2025-04-16,OFF,WPG,2.0,ANA,1.0
2024020004,20242025,2,2024-10-08,OFF,FLA,6.0,BOS,4.0
2024020011,20242025,2,2024-10-10,OFF,BOS,6.0,MTL,4.0
2024020024,20242025,2,2024-10-12,OFF,BOS,2.0,LAK,1.0
2024020042,20242025,2,2024-10-14,OFF,BOS,3.0,FLA,4.0
2024020059,20242025,2,2024-10-16,OFF,COL,3.0,BOS,5.0
2024020086,20242025,2,2024-10-19,OFF,UTA,2.0,BOS,1.0
2024020101,20242025,2,2024-10-22,OFF,NSH,4.0,BOS,0.0
2024020109,20242025,2,2024-10-24,OFF,BOS,2.0,DAL,5.0
2024020125,20242025,2,2024-10-26,OFF,BOS,4.0,TOR,3.0
2024020148,20242025,2,2024-10-29,OFF,BOS,0.0,PHI,2.0
2024020165,20242025,2,2024-10-31,OFF,CAR,8.0,BOS,2.0
2024020175,20242025,2,2024-11-02,OFF,PHI,0.0,BOS,3.0
2024020187,20242025,2,2024-11-03,OFF,BOS,2.0,SEA,0.0
2024020195,20242025,2,2024-11-05,OFF,TOR,4.0,BOS,0.0
2024020208,20242025,2,2024-11-07,OFF,BOS,4.0,CGY,3.0
2024020226,20242025,2,2024-11-09,OFF,BOS,2.0,OTT,3.0
2024020248,20242025,2,2024-11-12,OFF,STL,2.0,BOS,3.0
2024020262,20242025,2,2024-11-14,OFF,DAL,7.0,BOS,2.0
2024020272,20242025,2,2024-11-16,OFF,BOS,2.0,STL,3.0
2024020288,20242025,2,2024-11-18,OFF,BOS,1.0,CBJ,5.0
2024020306,20242025,2,2024-11-21,OFF,BOS,1.0,UTA,0.0
2024020324,20242025,2,2024-11-23,OFF,DET,1.0,BOS,2.0
2024020345,20242025,2,2024-11-26,OFF,BOS,0.0,VAN,2.0
2024020353,20242025,2,2024-11-27,OFF,NYI,3.0,BOS,6.0
2024020372,20242025,2,2024-11-29,OFF,BOS,1.0,PIT,2.0
2024020389,20242025,2,2024-12-01,OFF,BOS,6.0,MTL,3.0
2024020396,20242025,2,2024-12-03,OFF,BOS,3.0,DET,2.0
2024020407,20242025,2,2024-12-04,OFF,CHI,2.0,BOS,4.0
2024020425,20242025,2,2024-12-07,OFF,BOS,4.0,PHI,3.0
2024020452,20242025,2,2024-12-10,OFF,WPG,8.0,BOS,1.0
2024020472,20242025,2,2024-12-12,OFF,SEA,5.0,BOS,1.0
2024020486,20242025,2,2024-12-14,OFF,VAN,1.0,BOS,5.0
2024020504,20242025,2,2024-12-17,OFF,CGY,3.0,BOS,4.0
2024020518,20242025,2,2024-12-19,OFF,EDM,3.0,BOS,2.0
2024020531,20242025,2,2024-12-21,OFF,BOS,3.0,BUF,1.0
2024020547,20242025,2,2024-12-23,OFF,BOS,4.0,WSH,1.0
2024020561,20242025,2,2024-12-27,OFF,CBJ,6.0,BOS,2.0
2024020570,20242025,2,2024-12-28,OFF,BOS,4.0,CBJ,0.0
2024020589,20242025,2,2024-12-31,OFF,WSH,3.0,BOS,1.0
2024020604,20242025,2,2025-01-02,OFF,NYR,2.0,BOS,1.0
2024020623,20242025,2,2025-01-04,OFF,TOR,6.0,BOS,4.0
2024020633,20242025,2,2025-01-05,OFF,BOS,4.0,NYI,5.0
2024020641,20242025,2,2025-01-07,OFF,BOS,0.0,EDM,4.0
2024020655,20242025,2,2025-01-09,OFF,TBL,4.0,BOS,1.0
2024020669,20242025,2,2025-01-11,OFF,FLA,3.0,BOS,4.0
2024020692,20242025,2,2025-01-14,OFF,BOS,6.0,TBL,2.0
2024020723,20242025,2,2025-01-18,OFF,OTT,6.0,BOS,5.0
2024020740,20242025,2,2025-01-20,OFF,BOS,6.0,SJS,3.0
2024020758,20242025,2,2025-01-22,OFF,NJD,5.0,BOS,1.0
2024020761,20242025,2,2025-01-23,OFF,BOS,2.0,OTT,0.0
2024020776,20242025,2,2025-01-25,OFF,BOS,3.0,COL,1.0
2024020799,20242025,2,2025-01-28,OFF,BUF,7.0,BOS,2.0
2024020812,20242025,2,2025-01-30,OFF,BOS,2.0,WPG,6.0
2024020827,20242025,2,2025-02-01,OFF,BOS,6.0,NYR,3.0
2024020845,20242025,2,2025-02-04,OFF,BOS,3.0,MIN,0.0
2024020859,20242025,2,2025-02-05,OFF,NYR,3.0,BOS,2.0
2024020879,20242025,2,2025-02-08,OFF,BOS,3.0,VGK,4.0
2024020918,20242025,2,2025-02-25,OFF,BOS,4.0,TOR,5.0
2024020933,20242025,2,2025-02-27,OFF,BOS,1.0,NYI,2.0
2024020952,20242025,2,2025-03-01,OFF,PIT,2.0,BOS,3.0
2024020962,20242025,2,2025-03-02,OFF,MIN,1.0,BOS,0.0
2024020973,20242025,2,2025-03-04,OFF,BOS,3.0,NSH,6.0
2024020992,20242025,2,2025-03-06,OFF,CAR,3.0,BOS,2.0
2024021005,20242025,2,2025-03-08,OFF,TBL,0.0,BOS,4.0
2024021025,20242025,2,2025-03-11,OFF,BOS,3.0,FLA,2.0
2024021041,20242025,2,2025-03-13,OFF,OTT,6.0,BOS,3.0
2024021058,20242025,2,2025-03-15,OFF,BOS,2.0,TBL,6.0
2024021073,20242025,2,2025-03-17,OFF,BOS,2.0,BUF,3.0
2024021101,20242025,2,2025-03-20,OFF,VGK,5.0,BOS,1.0
2024021117,20242025,2,2025-03-22,OFF,SJS,3.0,BOS,1.0
2024021124,20242025,2,2025-03-23,OFF,LAK,7.0,BOS,2.0
2024021166,20242025,2,2025-03-29,OFF,DET,2.0,BOS,1.0
2024021182,20242025,2,2025-04-01,OFF,BOS,3.0,WSH,4.0
2024021197,20242025,2,2025-04-03,OFF,MTL,4.0,BOS,1.0
2024021214,20242025,2,2025-04-05,OFF,BOS,5.0,CAR,1.0
2024021226,20242025,2,2025-04-06,OFF,BUF,6.0,BOS,3.0
2024021238,20242025,2,2025-04-08,OFF,NJD,2.0,BOS,7.0
2024021250,20242025,2,2025-04-10,OFF,BOS,2.0,CHI,5.0
2024021278,20242025,2,2025-04-13,OFF,PIT,1.0,BOS,4.0
2024021291,20242025,2,2025-04-15,OFF,BOS,4.0,NJD,5.0
2024020001,20242025,2,2024-10-04,OFF,BUF,1.0,NJD,4.0
2024020002,20242025,2,2024-10-05,OFF,NJD,3.0,BUF,1.0
2024020012,20242025,2,2024-10-10,OFF,BUF,1.0,LAK,3.0
2024020025,20242025,2,2024-10-12,OFF,BUF,5.0,FLA,2.0
2024020057,20242025,2,2024-10-16,OFF,PIT,6.0,BUF,5.0
2024020067,20242025,2,2024-10-17,OFF,CBJ,6.0,BUF,4.0
2024020085,20242025,2,2024-10-19,OFF,CHI,2.0,BUF,4.0
2024020095,20242025,2,2024-10-22,OFF,BUF,4.0,DAL,2.0
2024020122,20242025,2,2024-10-26,OFF,BUF,5.0,DET,3.0
2024020140,20242025,2,2024-10-28,OFF,BUF,2.0,FLA,5.0
2024020169,20242025,2,2024-11-01,OFF,BUF,3.0,NYI,4.0
2024020179,20242025,2,2024-11-02,OFF,DET,2.0,BUF,1.0
2024020194,20242025,2,2024-11-05,OFF,BUF,5.0,OTT,1.0
2024020213,20242025,2,2024-11-07,OFF,NYR,1.0,BUF,6.0
2024020224,20242025,2,2024-11-09,OFF,BUF,3.0,CGY,2.0
2024020239,20242025,2,2024-11-11,OFF,BUF,5.0,MTL,7.0
2024020257,20242025,2,2024-11-14,OFF,BUF,4.0,STL,3.0
2024020278,20242025,2,2024-11-16,OFF,PHI,5.0,BUF,2.0
2024020305,20242025,2,2024-11-20,OFF,LAK,0.0,BUF,1.0
2024020331,20242025,2,2024-11-23,OFF,SJS,2.0,BUF,4.0
2024020347,20242025,2,2024-11-27,OFF,BUF,0.0,MIN,1.0
2024020364,20242025,2,2024-11-29,OFF,BUF,3.0,VAN,4.0
2024020383,20242025,2,2024-11-30,OFF,NYI,3.0,BUF,0.0
2024020397,20242025,2,2024-12-03,OFF,BUF,4.0,COL,5.0
2024020410,20242025,2,2024-12-05,OFF,BUF,2.0,WPG,3.0
2024020426,20242025,2,2024-12-07,OFF,BUF,2.0,UTA,5.0
2024020443,20242025,2,2024-12-09,OFF,BUF,5.0,DET,6.0
2024020457,20242025,2,2024-12-11,OFF,BUF,2.0,NYR,3.0
2024020480,20242025,2,2024-12-14,OFF,WSH,4.0,BUF,2.0
2024020490,20242025,2,2024-12-15,OFF,TOR,5.0,BUF,3.0
2024020497,20242025,2,2024-12-17,OFF,MTL,6.0,BUF,1.0
2024020521,20242025,2,2024-12-20,OFF,BUF,3.0,TOR,6.0
2024020552,20242025,2,2024-12-23,OFF,NYI,1.0,BUF,7.0
2024020558,20242025,2,2024-12-27,OFF,BUF,6.0,CHI,2.0
2024020582,20242025,2,2024-12-29,OFF,STL,2.0,BUF,4.0
2024020595,20242025,2,2024-12-31,OFF,DAL,4.0,BUF,2.0
2024020610,20242025,2,2025-01-02,OFF,COL,6.0,BUF,5.0
2024020630,20242025,2,2025-01-04,OFF,VGK,3.0,BUF,1.0
2024020637,20242025,2,2025-01-06,OFF,BUF,4.0,WSH,3.0
2024020654,20242025,2,2025-01-09,OFF,OTT,0.0,BUF,4.0
2024020670,20242025,2,2025-01-11,OFF,BUF,2.0,SEA,6.0
2024020705,20242025,2,2025-01-15,OFF,BUF,4.0,CAR,2.0
2024020720,20242025,2,2025-01-17,OFF,BUF,2.0,PIT,5.0
2024020742,20242025,2,2025-01-20,OFF,SEA,6.0,BUF,4.0
2024020755,20242025,2,2025-01-21,OFF,VAN,2.0,BUF,3.0
2024020767,20242025,2,2025-01-23,OFF,CGY,5.0,BUF,2.0
2024020777,20242025,2,2025-01-25,OFF,EDM,3.0,BUF,2.0
2024020822,20242025,2,2025-01-31,OFF,BUF,4.0,NSH,3.0
2024020835,20242025,2,2025-02-02,OFF,BUF,4.0,NJD,3.0
2024020846,20242025,2,2025-02-04,OFF,BUF,3.0,CBJ,2.0
2024020885,20242025,2,2025-02-08,OFF,NSH,6.0,BUF,4.0
2024020895,20242025,2,2025-02-22,OFF,BUF,8.0,NYR,2.0
2024020940,20242025,2,2025-02-27,OFF,CAR,5.0,BUF,2.0
2024020953,20242025,2,2025-03-01,OFF,BUF,2.0,MTL,4.0
2024020968,20242025,2,2025-03-03,OFF,MTL,4.0,BUF,3.0
2024020974,20242025,2,2025-03-04,OFF,BUF,2.0,SJS,6.0
2024020989,20242025,2,2025-03-06,OFF,TBL,6.0,BUF,5.0
2024021006,20242025,2,2025-03-08,OFF,FLA,4.0,BUF,0.0
2024021021,20242025,2,2025-03-10,OFF,BUF,3.0,EDM,2.0
2024021036,20242025,2,2025-03-12,OFF,DET,7.0,BUF,3.0
2024021055,20242025,2,2025-03-15,OFF,BUF,4.0,VGK,3.0
2024021100,20242025,2,2025-03-20,OFF,UTA,5.0,BUF,2.0
2024021106,20242025,2,2025-03-22,OFF,MIN,4.0,BUF,1.0
2024021119,20242025,2,2025-03-23,OFF,WPG,3.0,BUF,5.0
2024021129,20242025,2,2025-03-25,OFF,BUF,3.0,OTT,2.0
2024021143,20242025,2,2025-03-27,OFF,BUF,7.0,PIT,3.0
2024021159,20242025,2,2025-03-29,OFF,PHI,7.0,BUF,4.0
2024021171,20242025,2,2025-03-30,OFF,WSH,5.0,BUF,8.0
2024021184,20242025,2,2025-04-01,OFF,OTT,2.0,BUF,5.0
2024021215,20242025,2,2025-04-05,OFF,BUF,3.0,TBL,2.0
2024021235,20242025,2,2025-04-08,OFF,BUF,3.0,CAR,0.0
2024021253,20242025,2,2025-04-10,OFF,CBJ,3.0,BUF,2.0
2024021268,20242025,2,2025-04-12,OFF,FLA,3.0,BUF,2.0
2024021280,20242025,2,2025-04-13,OFF,TBL,7.0,BUF,4.0
2024021292,20242025,2,2025-04-15,OFF,BUF,0.0,TOR,4.0
2024021307,20242025,2,2025-04-17,OFF,BUF,5.0,PHI,4.0
2024020020,20242025,2,2024-10-11,OFF,CAR,1.0,TBL,4.0
2024020050,20242025,2,2024-10-15,OFF,CAR,4.0,NJD,2.0
2024020072,20242025,2,2024-10-18,OFF,PIT,1.0,CAR,4.0
2024020084,20242025,2,2024-10-19,OFF,STL,4.0,CAR,3.0
2024020103,20242025,2,2024-10-22,OFF,EDM,2.0,CAR,3.0
2024020114,20242025,2,2024-10-24,OFF,CGY,2.0,CAR,4.0
2024020135,20242025,2,2024-10-26,OFF,SEA,1.0,CAR,4.0
2024020146,20242025,2,2024-10-28,OFF,VAN,3.0,CAR,4.0
2024020188,20242025,2,2024-11-03,OFF,CAR,4.0,WSH,2.0
2024020197,20242025,2,2024-11-05,OFF,CAR,6.0,PHI,4.0
2024020214,20242025,2,2024-11-07,OFF,CAR,5.0,PIT,1.0
2024020233,20242025,2,2024-11-09,OFF,COL,6.0,CAR,4.0
2024020244,20242025,2,2024-11-11,OFF,VGK,2.0,CAR,5.0
2024020254,20242025,2,2024-11-13,OFF,UTA,4.0,CAR,1.0
2024020280,20242025,2,2024-11-16,OFF,CAR,4.0,OTT,0.0
2024020284,20242025,2,2024-11-17,OFF,CAR,4.0,STL,1.0
2024020302,20242025,2,2024-11-20,OFF,PHI,1.0,CAR,4.0
2024020309,20242025,2,2024-11-21,OFF,NJD,4.0,CAR,2.0
2024020328,20242025,2,2024-11-23,OFF,CBJ,5.0,CAR,4.0
2024020339,20242025,2,2024-11-25,OFF,CAR,6.0,DAL,4.0
2024020349,20242025,2,2024-11-27,OFF,CAR,4.0,NYR,3.0
2024020367,20242025,2,2024-11-29,OFF,CAR,3.0,FLA,6.0
2024020377,20242025,2,2024-11-30,OFF,FLA,6.0,CAR,0.0
2024020401,20242025,2,2024-12-03,OFF,CAR,2.0,SEA,4.0
2024020415,20242025,2,2024-12-05,OFF,CAR,5.0,COL,3.0
2024020428,20242025,2,2024-12-07,OFF,NYI,4.0,CAR,3.0
2024020448,20242025,2,2024-12-10,OFF,CAR,3.0,SJS,2.0
2024020473,20242025,2,2024-12-13,OFF,CAR,0.0,OTT,3.0
2024020491,20242025,2,2024-12-15,OFF,CAR,4.0,CBJ,1.0
2024020500,20242025,2,2024-12-17,OFF,CAR,4.0,NYI,0.0
2024020524,20242025,2,2024-12-20,OFF,WSH,3.0,CAR,1.0
2024020539,20242025,2,2024-12-22,OFF,NYR,1.0,CAR,3.0
2024020553,20242025,2,2024-12-23,OFF,NSH,5.0,CAR,2.0
2024020560,20242025,2,2024-12-27,OFF,NJD,4.0,CAR,2.0
2024020573,20242025,2,2024-12-28,OFF,CAR,5.0,NJD,2.0
2024020594,20242025,2,2024-12-31,OFF,CBJ,4.0,CAR,3.0
2024020603,20242025,2,2025-01-02,OFF,FLA,1.0,CAR,3.0
2024020624,20242025,2,2025-01-04,OFF,CAR,0.0,MIN,4.0
2024020634,20242025,2,2025-01-05,OFF,CAR,4.0,PIT,3.0
2024020029,20242025,2,2025-01-07,OFF,TBL,3.0,CAR,2.0
2024020659,20242025,2,2025-01-09,OFF,CAR,6.0,TOR,3.0
2024020666,20242025,2,2025-01-10,OFF,CAR,2.0,VAN,0.0
2024020721,20242025,2,2025-01-17,OFF,CAR,3.0,VGK,2.0
2024020746,20242025,2,2025-01-20,OFF,CHI,3.0,CAR,4.0
2024020753,20242025,2,2025-01-21,OFF,DAL,1.0,CAR,2.0
2024020764,20242025,2,2025-01-23,OFF,CAR,7.0,CBJ,4.0
2024020785,20242025,2,2025-01-25,OFF,NYI,3.0,CAR,2.0
2024020802,20242025,2,2025-01-28,OFF,NYR,0.0,CAR,4.0
2024020817,20242025,2,2025-01-30,OFF,CAR,3.0,CHI,2.0
2024020832,20242025,2,2025-02-01,OFF,CAR,2.0,LAK,4.0
2024020852,20242025,2,2025-02-04,OFF,WPG,3.0,CAR,0.0
2024020867,20242025,2,2025-02-06,OFF,MIN,2.0,CAR,1.0
2024020878,20242025,2,2025-02-08,OFF,CAR,7.0,UTA,3.0
2024020900,20242025,2,2025-02-22,OFF,TOR,6.0,CAR,3.0
2024020920,20242025,2,2025-02-25,OFF,MTL,4.0,CAR,0.0
2024020955,20242025,2,2025-03-01,OFF,CAR,1.0,EDM,3.0
2024020963,20242025,2,2025-03-02,OFF,CAR,2.0,CGY,1.0
2024020975,20242025,2,2025-03-04,OFF,DET,1.0,CAR,2.0
2024021016,20242025,2,2025-03-09,OFF,CAR,4.0,WPG,2.0
2024021029,20242025,2,2025-03-11,OFF,CAR,4.0,TBL,1.0
2024021049,20242025,2,2025-03-14,OFF,CAR,4.0,DET,2.0
2024021061,20242025,2,2025-03-15,OFF,PHI,0.0,CAR,5.0
2024021102,20242025,2,2025-03-20,OFF,SJS,1.0,CAR,3.0
2024021109,20242025,2,2025-03-22,OFF,LAK,7.0,CAR,2.0
2024021132,20242025,2,2025-03-25,OFF,CAR,1.0,NSH,3.0
2024021154,20242025,2,2025-03-28,OFF,CAR,4.0,MTL,1.0
2024021175,20242025,2,2025-03-30,OFF,CAR,6.0,NYI,4.0
2024021193,20242025,2,2025-04-02,OFF,CAR,5.0,WSH,1.0
2024021206,20242025,2,2025-04-04,OFF,DET,5.0,CAR,3.0
2024021252,20242025,2,2025-04-10,OFF,WSH,5.0,CAR,4.0
2024021266,20242025,2,2025-04-12,OFF,CAR,7.0,NYR,3.0
2024021279,20242025,2,2025-04-13,OFF,CAR,1.0,TOR,4.0
2024021301,20242025,2,2025-04-16,OFF,MTL,4.0,CAR,2.0
2024021309,20242025,2,2025-04-17,OFF,OTT,7.0,CAR,5.0
2024020018,20242025,2,2024-10-10,OFF,MIN,3.0,CBJ,2.0
2024020034,20242025,2,2024-10-12,OFF,COL,4.0,CBJ,6.0
2024020051,20242025,2,2024-10-15,OFF,CBJ,3.0,FLA,4.0
2024020083,20242025,2,2024-10-19,OFF,CBJ,1.0,MIN,3.0
2024020097,20242025,2,2024-10-22,OFF,CBJ,6.0,TOR,2.0
2024020131,20242025,2,2024-10-26,OFF,NSH,4.0,CBJ,3.0
2024020142,20242025,2,2024-10-28,OFF,CBJ,6.0,EDM,1.0
2024020155,20242025,2,2024-10-30,OFF,CBJ,2.0,NYI,0.0
2024020171,20242025,2,2024-11-01,OFF,CBJ,2.0,WPG,6.0
2024020177,20242025,2,2024-11-02,OFF,WSH,7.0,CBJ,2.0
2024020204,20242025,2,2024-11-05,OFF,SJS,2.0,CBJ,1.0
2024020234,20242025,2,2024-11-09,OFF,LAK,5.0,CBJ,2.0
2024020251,20242025,2,2024-11-12,OFF,SEA,5.0,CBJ,2.0
2024020267,20242025,2,2024-11-15,OFF,CBJ,6.0,PIT,2.0
2024020275,20242025,2,2024-11-16,OFF,MTL,5.0,CBJ,1.0
2024020311,20242025,2,2024-11-21,OFF,CBJ,7.0,TBL,6.0
2024020355,20242025,2,2024-11-27,OFF,CBJ,3.0,MTL,4.0
2024020368,20242025,2,2024-11-29,OFF,CBJ,5.0,CGY,2.0
2024020390,20242025,2,2024-12-01,OFF,CHI,3.0,CBJ,6.0
2024020404,20242025,2,2024-12-03,OFF,CGY,3.0,CBJ,0.0
2024020418,20242025,2,2024-12-05,OFF,EDM,6.0,CBJ,3.0
2024020422,20242025,2,2024-12-06,OFF,VAN,5.0,CBJ,2.0
2024020439,20242025,2,2024-12-08,OFF,WPG,1.0,CBJ,4.0
2024020449,20242025,2,2024-12-10,OFF,CBJ,3.0,PHI,5.0
2024020463,20242025,2,2024-12-12,OFF,CBJ,1.0,WSH,2.0
2024020498,20242025,2,2024-12-17,OFF,TBL,5.0,CBJ,3.0
2024020514,20242025,2,2024-12-19,OFF,CBJ,4.0,NJD,2.0
2024020535,20242025,2,2024-12-21,OFF,PHI,5.0,CBJ,4.0
2024020551,20242025,2,2024-12-23,OFF,CBJ,5.0,MTL,4.0
2024020606,20242025,2,2025-01-02,OFF,CBJ,4.0,DET,5.0
2024020625,20242025,2,2025-01-04,OFF,CBJ,6.0,STL,4.0
2024020645,20242025,2,2025-01-07,OFF,PIT,3.0,CBJ,4.0
2024020660,20242025,2,2025-01-09,OFF,CBJ,6.0,SEA,2.0
2024020677,20242025,2,2025-01-11,OFF,STL,1.0,CBJ,2.0
2024020698,20242025,2,2025-01-14,OFF,CBJ,3.0,PHI,2.0
2024020711,20242025,2,2025-01-16,OFF,CBJ,4.0,SJS,1.0
2024020728,20242025,2,2025-01-18,OFF,NYR,1.0,CBJ,0.0
2024020745,20242025,2,2025-01-20,OFF,NYI,3.0,CBJ,1.0
2024020757,20242025,2,2025-01-22,OFF,TOR,1.0,CBJ,5.0
2024020782,20242025,2,2025-01-25,OFF,CBJ,3.0,LAK,2.0
2024020820,20242025,2,2025-01-30,OFF,VGK,1.0,CBJ,2.0
2024020825,20242025,2,2025-01-31,OFF,UTA,2.0,CBJ,3.0
2024020840,20242025,2,2025-02-02,OFF,DAL,5.0,CBJ,3.0
2024020865,20242025,2,2025-02-06,OFF,CBJ,2.0,UTA,3.0
2024020882,20242025,2,2025-02-08,OFF,CBJ,3.0,NYR,4.0
2024020902,20242025,2,2025-02-22,OFF,CBJ,5.0,CHI,1.0
2024020924,20242025,2,2025-02-25,OFF,CBJ,6.0,DAL,4.0
2024020935,20242025,2,2025-02-27,OFF,DET,2.0,CBJ,5.0
2024020948,20242025,2,2025-03-01,OFF,CBJ,5.0,DET,3.0
2024020976,20242025,2,2025-03-04,OFF,TBL,6.0,CBJ,2.0
2024020990,20242025,2,2025-03-06,OFF,FLA,3.0,CBJ,0.0
2024021017,20242025,2,2025-03-09,OFF,NYR,3.0,CBJ,7.0
2024021026,20242025,2,2025-03-11,OFF,NJD,5.0,CBJ,3.0
2024021045,20242025,2,2025-03-13,OFF,CBJ,0.0,VGK,4.0
2024021062,20242025,2,2025-03-15,OFF,CBJ,0.0,NYR,4.0
2024021075,20242025,2,2025-03-17,OFF,CBJ,1.0,NJD,2.0
2024021093,20242025,2,2025-03-20,OFF,CBJ,0.0,FLA,1.0
2024021103,20242025,2,2025-03-21,OFF,PIT,6.0,CBJ,3.0
2024021126,20242025,2,2025-03-24,OFF,NYI,3.0,CBJ,4.0
2024021155,20242025,2,2025-03-28,OFF,CBJ,7.0,VAN,6.0
2024021164,20242025,2,2025-03-29,OFF,OTT,3.0,CBJ,2.0
2024021185,20242025,2,2025-04-01,OFF,CBJ,8.0,NSH,4.0
2024021199,20242025,2,2025-04-03,OFF,CBJ,3.0,COL,7.0
2024021216,20242025,2,2025-04-05,OFF,TOR,5.0,CBJ,0.0
2024021224,20242025,2,2025-04-06,OFF,OTT,4.0,CBJ,0.0
2024021239,20242025,2,2025-04-08,OFF,CBJ,5.0,OTT,2.0
2024021270,20242025,2,2025-04-12,OFF,CBJ,7.0,WSH,0.0
2024021281,20242025,2,2025-04-13,OFF,WSH,1.0,CBJ,4.0
2024021295,20242025,2,2025-04-15,OFF,PHI,0.0,CBJ,3.0
2024021312,20242025,2,2025-04-17,OFF,CBJ,6.0,NYI,1.0
2024020009,20242025,2,2024-10-09,OFF,VAN,5.0,CGY,6.0
2024020035,20242025,2,2024-10-12,OFF,CGY,6.0,PHI,3.0
2024020040,20242025,2,2024-10-13,OFF,EDM,1.0,CGY,4.0
2024020055,20242025,2,2024-10-15,OFF,CGY,3.0,CHI,1.0
2024020087,20242025,2,2024-10-19,OFF,SEA,2.0,CGY,1.0
2024020102,20242025,2,2024-10-22,OFF,CGY,4.0,PIT,3.0
2024020129,20242025,2,2024-10-26,OFF,CGY,3.0,WPG,5.0
2024020147,20242025,2,2024-10-28,OFF,VGK,5.0,CGY,0.0
2024020158,20242025,2,2024-10-30,OFF,UTA,5.0,CGY,1.0
2024020173,20242025,2,2024-11-01,OFF,CGY,3.0,NJD,0.0
2024020190,20242025,2,2024-11-03,OFF,CGY,2.0,EDM,4.0
2024020196,20242025,2,2024-11-05,OFF,MTL,2.0,CGY,3.0
2024020242,20242025,2,2024-11-11,OFF,CGY,3.0,LAK,1.0
2024020250,20242025,2,2024-11-12,OFF,VAN,3.0,CGY,1.0
2024020269,20242025,2,2024-11-15,OFF,CGY,2.0,NSH,0.0
2024020299,20242025,2,2024-11-19,OFF,CGY,2.0,NYI,1.0
2024020314,20242025,2,2024-11-21,OFF,CGY,3.0,NYR,2.0
2024020319,20242025,2,2024-11-23,OFF,CGY,4.0,MIN,3.0
2024020340,20242025,2,2024-11-25,OFF,OTT,4.0,CGY,3.0
2024020350,20242025,2,2024-11-27,OFF,DET,2.0,CGY,1.0
2024020380,20242025,2,2024-11-30,OFF,PIT,6.0,CGY,2.0
2024020417,20242025,2,2024-12-05,OFF,CGY,3.0,STL,4.0
2024020442,20242025,2,2024-12-08,OFF,DAL,6.0,CGY,2.0
2024020451,20242025,2,2024-12-10,OFF,NSH,3.0,CGY,4.0
2024020470,20242025,2,2024-12-12,OFF,CGY,3.0,TBL,8.0
2024020485,20242025,2,2024-12-14,OFF,CGY,3.0,FLA,0.0
2024020517,20242025,2,2024-12-19,OFF,CGY,2.0,OTT,3.0
2024020529,20242025,2,2024-12-21,OFF,CGY,6.0,CHI,4.0
2024020576,20242025,2,2024-12-28,OFF,SJS,1.0,CGY,3.0
2024020584,20242025,2,2024-12-29,OFF,VGK,3.0,CGY,0.0
2024020600,20242025,2,2024-12-31,OFF,CGY,3.0,VAN,1.0
2024020611,20242025,2,2025-01-02,OFF,CGY,3.0,UTA,5.0
2024020627,20242025,2,2025-01-04,OFF,CGY,1.0,NSH,4.0
2024020681,20242025,2,2025-01-11,OFF,CGY,2.0,LAK,1.0
2024020690,20242025,2,2025-01-13,OFF,CHI,2.0,CGY,5.0
2024020700,20242025,2,2025-01-14,OFF,STL,2.0,CGY,1.0
2024020713,20242025,2,2025-01-16,OFF,STL,4.0,CGY,1.0
2024020730,20242025,2,2025-01-18,OFF,WPG,1.0,CGY,3.0
2024020784,20242025,2,2025-01-25,OFF,MIN,4.0,CGY,5.0
2024020791,20242025,2,2025-01-26,OFF,WPG,5.0,CGY,2.0
2024020804,20242025,2,2025-01-28,OFF,CGY,1.0,WSH,3.0
2024020834,20242025,2,2025-02-01,OFF,CGY,1.0,DET,3.0
2024020843,20242025,2,2025-02-02,OFF,SEA,2.0,CGY,3.0
2024020853,20242025,2,2025-02-04,OFF,CGY,3.0,TOR,6.0
2024020868,20242025,2,2025-02-06,OFF,CGY,2.0,COL,4.0
2024020887,20242025,2,2025-02-08,OFF,CGY,2.0,SEA,3.0
2024020914,20242025,2,2025-02-23,OFF,CGY,3.0,SJS,2.0
2024020923,20242025,2,2025-02-25,OFF,WSH,1.0,CGY,3.0
2024020936,20242025,2,2025-02-27,OFF,TBL,3.0,CGY,0.0
2024020951,20242025,2,2025-03-01,OFF,FLA,3.0,CGY,0.0
2024020977,20242025,2,2025-03-04,OFF,PHI,3.0,CGY,6.0
2024020994,20242025,2,2025-03-06,OFF,DAL,3.0,CGY,2.0
2024021008,20242025,2,2025-03-08,OFF,CGY,1.0,MTL,0.0
2024021037,20242025,2,2025-03-12,OFF,CGY,3.0,VAN,4.0
2024021052,20242025,2,2025-03-14,OFF,CGY,2.0,COL,4.0
2024021076,20242025,2,2025-03-17,OFF,TOR,6.0,CGY,2.0
2024021079,20242025,2,2025-03-18,OFF,NYR,1.0,CGY,2.0
2024021090,20242025,2,2025-03-20,OFF,NJD,3.0,CGY,5.0
2024021108,20242025,2,2025-03-22,OFF,NYI,3.0,CGY,4.0
2024021137,20242025,2,2025-03-25,OFF,CGY,4.0,SEA,3.0
2024021150,20242025,2,2025-03-27,OFF,CGY,2.0,DAL,5.0
2024021167,20242025,2,2025-03-29,OFF,EDM,3.0,CGY,2.0
2024021180,20242025,2,2025-03-31,OFF,COL,2.0,CGY,3.0
2024021188,20242025,2,2025-04-01,OFF,UTA,3.0,CGY,1.0
2024021220,20242025,2,2025-04-05,OFF,CGY,2.0,VGK,3.0
2024021234,20242025,2,2025-04-07,OFF,SJS,2.0,CGY,3.0
2024021264,20242025,2,2025-04-11,OFF,CGY,4.0,MIN,2.0
2024021283,20242025,2,2025-04-13,OFF,CGY,5.0,SJS,2.0
2024021299,20242025,2,2025-04-15,OFF,CGY,5.0,VGK,4.0
2024020653,20242025,2,2025-04-17,OFF,LAK,1.0,CGY,5.0
2024020005,20242025,2,2024-10-08,OFF,UTA,5.0,CHI,2.0
2024020021,20242025,2,2024-10-11,OFF,WPG,2.0,CHI,1.0
2024020036,20242025,2,2024-10-12,OFF,EDM,2.0,CHI,5.0
2024020070,20242025,2,2024-10-17,OFF,CHI,4.0,SJS,2.0
2024020100,20242025,2,2024-10-22,OFF,CHI,3.0,VAN,6.0
2024020120,20242025,2,2024-10-25,OFF,CHI,2.0,NSH,3.0
2024020132,20242025,2,2024-10-26,OFF,DAL,4.0,CHI,2.0
2024020144,20242025,2,2024-10-28,OFF,COL,2.0,CHI,5.0
2024020167,20242025,2,2024-10-31,OFF,SJS,3.0,CHI,2.0
2024020176,20242025,2,2024-11-02,OFF,LAK,3.0,CHI,4.0
2024020206,20242025,2,2024-11-06,OFF,CHI,1.0,DET,4.0
2024020216,20242025,2,2024-11-07,OFF,DAL,3.0,CHI,1.0
2024020237,20242025,2,2024-11-10,OFF,CHI,2.0,MIN,1.0
2024020266,20242025,2,2024-11-14,OFF,SEA,3.0,CHI,1.0
2024020283,20242025,2,2024-11-16,OFF,VAN,4.0,CHI,1.0
2024020313,20242025,2,2024-11-21,OFF,CHI,3.0,FLA,1.0
2024020318,20242025,2,2024-11-23,OFF,PHI,3.0,CHI,2.0
2024020357,20242025,2,2024-11-27,OFF,CHI,6.0,DAL,2.0
2024020363,20242025,2,2024-11-29,OFF,MIN,3.0,CHI,2.0
2024020394,20242025,2,2024-12-02,OFF,TOR,4.0,CHI,1.0
2024020427,20242025,2,2024-12-07,OFF,CHI,2.0,WPG,4.0
2024020444,20242025,2,2024-12-09,OFF,NYR,1.0,CHI,2.0
2024020464,20242025,2,2024-12-12,OFF,NYI,5.0,CHI,4.0
2024020474,20242025,2,2024-12-14,OFF,NJD,4.0,CHI,1.0
2024020489,20242025,2,2024-12-15,OFF,CHI,5.0,NYI,3.0
2024020503,20242025,2,2024-12-17,OFF,CHI,3.0,WSH,2.0
2024020516,20242025,2,2024-12-19,OFF,CHI,3.0,SEA,1.0
2024020554,20242025,2,2024-12-23,OFF,MIN,4.0,CHI,3.0
2024020577,20242025,2,2024-12-29,OFF,CHI,1.0,DAL,5.0
2024020592,20242025,2,2024-12-31,OFF,CHI,2.0,STL,6.0
2024020616,20242025,2,2025-01-03,OFF,CHI,4.0,MTL,2.0
2024020632,20242025,2,2025-01-05,OFF,CHI,2.0,NYR,6.0
2024020651,20242025,2,2025-01-08,OFF,CHI,3.0,COL,1.0
2024020664,20242025,2,2025-01-10,OFF,DET,5.0,CHI,3.0
2024020676,20242025,2,2025-01-11,OFF,CHI,3.0,EDM,4.0
2024020714,20242025,2,2025-01-16,OFF,NSH,3.0,CHI,2.0
2024020732,20242025,2,2025-01-18,OFF,CHI,5.0,VGK,3.0
2024020773,20242025,2,2025-01-24,OFF,CHI,3.0,TBL,4.0
2024020792,20242025,2,2025-01-26,OFF,CHI,2.0,MIN,4.0
2024020801,20242025,2,2025-01-28,OFF,TBL,1.0,CHI,4.0
2024020826,20242025,2,2025-02-01,OFF,FLA,5.0,CHI,1.0
2024020860,20242025,2,2025-02-05,OFF,CHI,3.0,EDM,4.0
2024020873,20242025,2,2025-02-07,OFF,CHI,6.0,NSH,2.0
2024020883,20242025,2,2025-02-08,OFF,STL,6.0,CHI,5.0
2024020912,20242025,2,2025-02-23,OFF,CHI,2.0,TOR,5.0
2024020929,20242025,2,2025-02-25,OFF,UTA,2.0,CHI,1.0
2024020943,20242025,2,2025-02-27,OFF,VGK,7.0,CHI,5.0
2024020972,20242025,2,2025-03-03,OFF,CHI,5.0,LAK,1.0
2024020984,20242025,2,2025-03-05,OFF,CHI,3.0,OTT,4.0
2024020999,20242025,2,2025-03-07,OFF,CHI,4.0,UTA,3.0
2024021009,20242025,2,2025-03-08,OFF,NSH,3.0,CHI,2.0
2024021023,20242025,2,2025-03-10,OFF,COL,3.0,CHI,0.0
2024021048,20242025,2,2025-03-13,OFF,SJS,4.0,CHI,2.0
2024021065,20242025,2,2025-03-15,OFF,VAN,6.0,CHI,2.0
2024021084,20242025,2,2025-03-18,OFF,CHI,2.0,SEA,6.0
2024021098,20242025,2,2025-03-20,OFF,CHI,1.0,LAK,3.0
2024021107,20242025,2,2025-03-22,OFF,STL,4.0,CHI,1.0
2024021118,20242025,2,2025-03-23,OFF,CHI,7.0,PHI,4.0
2024021140,20242025,2,2025-03-26,OFF,CHI,3.0,NJD,5.0
2024021157,20242025,2,2025-03-28,OFF,CHI,3.0,VGK,5.0
2024021173,20242025,2,2025-03-30,OFF,CHI,2.0,UTA,5.0
2024021195,20242025,2,2025-04-02,OFF,CHI,2.0,COL,3.0
2024021207,20242025,2,2025-04-04,OFF,WSH,5.0,CHI,3.0
2024021227,20242025,2,2025-04-06,OFF,CHI,3.0,PIT,1.0
2024021240,20242025,2,2025-04-08,OFF,PIT,5.0,CHI,0.0
2024021271,20242025,2,2025-04-12,OFF,CHI,4.0,WPG,5.0
2024021285,20242025,2,2025-04-14,OFF,MTL,3.0,CHI,4.0
2024021293,20242025,2,2025-04-15,OFF,OTT,3.0,CHI,4.0
2024020010,20242025,2,2024-10-09,OFF,VGK,8.0,COL,4.0
2024020047,20242025,2,2024-10-14,OFF,COL,2.0,NYI,6.0
2024020089,20242025,2,2024-10-20,OFF,SJS,1.0,COL,4.0
2024020106,20242025,2,2024-10-22,OFF,SEA,2.0,COL,3.0
2024020115,20242025,2,2024-10-24,OFF,UTA,1.0,COL,5.0
2024020139,20242025,2,2024-10-27,OFF,COL,5.0,OTT,4.0
2024020157,20242025,2,2024-10-30,OFF,COL,2.0,TBL,5.0
2024020182,20242025,2,2024-11-02,OFF,NSH,5.0,COL,2.0
2024020202,20242025,2,2024-11-05,OFF,COL,6.0,SEA,3.0
2024020217,20242025,2,2024-11-07,OFF,WPG,1.0,COL,0.0
2024020243,20242025,2,2024-11-11,OFF,COL,3.0,NSH,2.0
2024020255,20242025,2,2024-11-13,OFF,COL,4.0,LAK,2.0
2024020268,20242025,2,2024-11-15,OFF,COL,2.0,WSH,5.0
2024020289,20242025,2,2024-11-18,OFF,PHI,2.0,COL,3.0
2024020310,20242025,2,2024-11-21,OFF,WSH,1.0,COL,2.0
2024020321,20242025,2,2024-11-23,OFF,FLA,4.0,COL,7.0
2024020334,20242025,2,2024-11-25,OFF,TBL,8.0,COL,2.0
2024020358,20242025,2,2024-11-27,OFF,COL,2.0,VGK,1.0
2024020373,20242025,2,2024-11-29,OFF,DAL,5.0,COL,3.0
2024020385,20242025,2,2024-11-30,OFF,COL,1.0,EDM,4.0
2024020432,20242025,2,2024-12-07,OFF,DET,1.0,COL,2.0
2024020440,20242025,2,2024-12-08,OFF,NJD,0.0,COL,4.0
2024020447,20242025,2,2024-12-10,OFF,PIT,2.0,COL,6.0
2024020469,20242025,2,2024-12-12,OFF,COL,1.0,UTA,4.0
2024020484,20242025,2,2024-12-14,OFF,COL,5.0,NSH,2.0
2024020496,20242025,2,2024-12-16,OFF,VAN,3.0,COL,1.0
2024020520,20242025,2,2024-12-19,OFF,SJS,2.0,COL,4.0
2024020543,20242025,2,2024-12-22,OFF,COL,5.0,SEA,2.0
2024020564,20242025,2,2024-12-27,OFF,UTA,1.0,COL,4.0
2024020597,20242025,2,2024-12-31,OFF,COL,5.0,WPG,2.0
2024020626,20242025,2,2025-01-04,OFF,COL,1.0,MTL,2.0
2024020639,20242025,2,2025-01-06,OFF,COL,3.0,FLA,1.0
2024020662,20242025,2,2025-01-09,OFF,MIN,1.0,COL,6.0
2024020678,20242025,2,2025-01-11,OFF,WPG,3.0,COL,0.0
2024020703,20242025,2,2025-01-14,OFF,COL,3.0,NYR,2.0
2024020718,20242025,2,2025-01-16,OFF,COL,3.0,EDM,4.0
2024020724,20242025,2,2025-01-18,OFF,COL,6.0,DAL,3.0
2024020741,20242025,2,2025-01-20,OFF,COL,1.0,MIN,3.0
2024020759,20242025,2,2025-01-22,OFF,COL,2.0,WPG,3.0
2024020789,20242025,2,2025-01-26,OFF,NYR,4.0,COL,5.0
2024020803,20242025,2,2025-01-28,OFF,NYI,5.0,COL,2.0
2024020824,20242025,2,2025-01-31,OFF,COL,5.0,STL,0.0
2024020836,20242025,2,2025-02-02,OFF,COL,2.0,PHI,0.0
2024020855,20242025,2,2025-02-04,OFF,VAN,3.0,COL,0.0
2024020874,20242025,2,2025-02-07,OFF,EDM,4.0,COL,5.0
2024020898,20242025,2,2025-02-22,OFF,NSH,2.0,COL,1.0
2024020910,20242025,2,2025-02-23,OFF,STL,3.0,COL,1.0
2024020931,20242025,2,2025-02-26,OFF,COL,5.0,NJD,1.0
2024020947,20242025,2,2025-02-28,OFF,COL,5.0,MIN,2.0
2024020980,20242025,2,2025-03-04,OFF,COL,4.0,PIT,1.0
2024020996,20242025,2,2025-03-06,OFF,COL,7.0,SJS,3.0
2024021007,20242025,2,2025-03-08,OFF,COL,7.0,TOR,4.0
2024021030,20242025,2,2025-03-11,OFF,MIN,2.0,COL,1.0
2024021067,20242025,2,2025-03-16,OFF,COL,4.0,DAL,3.0
2024021087,20242025,2,2025-03-19,OFF,TOR,2.0,COL,1.0
2024021089,20242025,2,2025-03-20,OFF,OTT,1.0,COL,5.0
2024021112,20242025,2,2025-03-22,OFF,MTL,4.0,COL,5.0
2024021136,20242025,2,2025-03-25,OFF,COL,5.0,DET,2.0
2024021149,20242025,2,2025-03-27,OFF,COL,4.0,LAK,0.0
2024021161,20242025,2,2025-03-29,OFF,COL,1.0,STL,2.0
2024021218,20242025,2,2025-04-05,OFF,STL,5.0,COL,4.0
2024021244,20242025,2,2025-04-08,OFF,COL,3.0,VGK,2.0
2024021256,20242025,2,2025-04-10,OFF,COL,1.0,VAN,4.0
2024021267,20242025,2,2025-04-12,OFF,LAK,5.0,COL,4.0
2024020017,20242025,2,2024-10-10,OFF,NSH,3.0,DAL,4.0
2024020032,20242025,2,2024-10-12,OFF,DAL,3.0,NYI,0.0
2024020039,20242025,2,2024-10-13,OFF,DAL,2.0,SEA,0.0
2024020054,20242025,2,2024-10-15,OFF,DAL,3.0,SJS,2.0
2024020066,20242025,2,2024-10-17,OFF,WSH,3.0,DAL,2.0
2024020077,20242025,2,2024-10-19,OFF,DAL,4.0,EDM,1.0
2024020168,20242025,2,2024-11-01,OFF,DAL,4.0,FLA,6.0
2024020174,20242025,2,2024-11-02,OFF,FLA,4.0,DAL,2.0
2024020230,20242025,2,2024-11-09,OFF,WPG,4.0,DAL,1.0
2024020241,20242025,2,2024-11-11,OFF,PIT,1.0,DAL,7.0
2024020281,20242025,2,2024-11-16,OFF,MIN,1.0,DAL,2.0
2024020303,20242025,2,2024-11-20,OFF,DAL,5.0,SJS,2.0
2024020325,20242025,2,2024-11-23,OFF,TBL,2.0,DAL,4.0
2024020391,20242025,2,2024-12-01,OFF,DAL,3.0,WPG,1.0
2024020395,20242025,2,2024-12-02,OFF,UTA,1.0,DAL,2.0
2024020409,20242025,2,2024-12-04,OFF,LAK,3.0,DAL,2.0
2024020423,20242025,2,2024-12-06,OFF,VGK,3.0,DAL,2.0
2024020466,20242025,2,2024-12-12,OFF,DAL,1.0,NSH,4.0
2024020483,20242025,2,2024-12-14,OFF,DAL,2.0,STL,1.0
2024020494,20242025,2,2024-12-16,OFF,DAL,3.0,WSH,1.0
2024020508,20242025,2,2024-12-18,OFF,DAL,3.0,TOR,5.0
2024020525,20242025,2,2024-12-20,OFF,DAL,1.0,NYR,3.0
2024020556,20242025,2,2024-12-23,OFF,UTA,2.0,DAL,3.0
2024020563,20242025,2,2024-12-27,OFF,DAL,2.0,MIN,3.0
2024020608,20242025,2,2025-01-02,OFF,DAL,4.0,OTT,2.0
2024020628,20242025,2,2025-01-04,OFF,DAL,3.0,UTA,2.0
2024020643,20242025,2,2025-01-07,OFF,NYR,4.0,DAL,5.0
2024020657,20242025,2,2025-01-09,OFF,PHI,1.0,DAL,4.0
2024020673,20242025,2,2025-01-11,OFF,MTL,1.0,DAL,2.0
2024020685,20242025,2,2025-01-12,OFF,OTT,3.0,DAL,2.0
2024020693,20242025,2,2025-01-14,OFF,TOR,1.0,DAL,4.0
2024020715,20242025,2,2025-01-16,OFF,DAL,1.0,MTL,3.0
2024020739,20242025,2,2025-01-19,OFF,DAL,4.0,DET,1.0
2024020774,20242025,2,2025-01-24,OFF,DAL,4.0,VGK,3.0
2024020783,20242025,2,2025-01-25,OFF,STL,0.0,DAL,2.0
2024020805,20242025,2,2025-01-28,OFF,VGK,3.0,DAL,4.0
2024020823,20242025,2,2025-01-31,OFF,DAL,5.0,VAN,3.0
2024020875,20242025,2,2025-02-07,OFF,LAK,5.0,DAL,4.0
2024020889,20242025,2,2025-02-08,OFF,SJS,3.0,DAL,8.0
2024020897,20242025,2,2025-02-22,OFF,NJD,2.0,DAL,4.0
2024020913,20242025,2,2025-02-23,OFF,NYI,3.0,DAL,4.0
2024020946,20242025,2,2025-02-28,OFF,DAL,6.0,LAK,2.0
2024020964,20242025,2,2025-03-02,OFF,DAL,6.0,STL,3.0
2024020979,20242025,2,2025-03-04,OFF,DAL,4.0,NJD,3.0
2024021011,20242025,2,2025-03-08,OFF,EDM,5.0,DAL,4.0
2024021019,20242025,2,2025-03-09,OFF,VAN,1.0,DAL,4.0
2024021051,20242025,2,2025-03-14,OFF,WPG,4.0,DAL,1.0
2024021097,20242025,2,2025-03-20,OFF,DAL,2.0,TBL,3.0
2024021105,20242025,2,2025-03-22,OFF,DAL,3.0,PHI,2.0
2024021127,20242025,2,2025-03-24,OFF,DAL,3.0,MIN,0.0
2024021141,20242025,2,2025-03-26,OFF,EDM,3.0,DAL,4.0
2024021169,20242025,2,2025-03-29,OFF,SEA,1.0,DAL,5.0
2024021181,20242025,2,2025-03-31,OFF,SEA,1.0,DAL,3.0
2024021201,20242025,2,2025-04-03,OFF,DAL,5.0,NSH,1.0
2024021211,20242025,2,2025-04-05,OFF,DAL,3.0,PIT,5.0
2024021223,20242025,2,2025-04-06,OFF,MIN,3.0,DAL,2.0
2024021242,20242025,2,2025-04-08,OFF,DAL,5.0,VAN,6.0
2024021255,20242025,2,2025-04-10,OFF,DAL,0.0,WPG,4.0
2024021272,20242025,2,2025-04-12,OFF,DAL,3.0,UTA,5.0
2024021286,20242025,2,2025-04-14,OFF,DET,6.0,DAL,4.0
2024021304,20242025,2,2025-04-16,OFF,NSH,5.0,DAL,1.0
2024020014,20242025,2,2024-10-10,OFF,DET,3.0,PIT,6.0
2024020028,20242025,2,2024-10-12,OFF,DET,3.0,NSH,0.0
2024020045,20242025,2,2024-10-14,OFF,NYR,4.0,DET,1.0
2024020063,20242025,2,2024-10-17,OFF,DET,2.0,NYR,5.0
2024020076,20242025,2,2024-10-19,OFF,NSH,2.0,DET,5.0
2024020098,20242025,2,2024-10-22,OFF,NYI,0.0,DET,1.0
2024020111,20242025,2,2024-10-24,OFF,DET,5.0,NJD,3.0
2024020136,20242025,2,2024-10-27,OFF,DET,2.0,EDM,3.0
2024020156,20242025,2,2024-10-30,OFF,DET,2.0,WPG,6.0
2024020220,20242025,2,2024-11-08,OFF,TOR,3.0,DET,1.0
2024020228,20242025,2,2024-11-09,OFF,DET,0.0,NYR,4.0
2024020252,20242025,2,2024-11-13,OFF,PIT,2.0,DET,3.0
2024020282,20242025,2,2024-11-16,OFF,LAK,4.0,DET,1.0
2024020293,20242025,2,2024-11-18,OFF,SJS,5.0,DET,4.0
2024020308,20242025,2,2024-11-21,OFF,DET,2.0,NYI,1.0
2024020341,20242025,2,2024-11-25,OFF,NYI,2.0,DET,4.0
2024020365,20242025,2,2024-11-29,OFF,DET,4.0,NJD,5.0
2024020388,20242025,2,2024-12-01,OFF,DET,4.0,VAN,5.0
2024020412,20242025,2,2024-12-05,OFF,OTT,2.0,DET,1.0
2024020462,20242025,2,2024-12-12,OFF,PHI,4.0,DET,1.0
2024020479,20242025,2,2024-12-14,OFF,DET,4.0,TOR,2.0
2024020507,20242025,2,2024-12-18,OFF,DET,6.0,PHI,4.0
2024020522,20242025,2,2024-12-20,OFF,DET,3.0,MTL,4.0
2024020533,20242025,2,2024-12-21,OFF,MTL,5.0,DET,1.0
2024020548,20242025,2,2024-12-23,OFF,DET,0.0,STL,4.0
2024020559,20242025,2,2024-12-27,OFF,DET,2.0,TOR,5.0
2024020579,20242025,2,2024-12-29,OFF,DET,4.0,WSH,2.0
2024020593,20242025,2,2024-12-31,OFF,DET,4.0,PIT,2.0
2024020621,20242025,2,2025-01-04,OFF,WPG,2.0,DET,4.0
2024020642,20242025,2,2025-01-07,OFF,DET,3.0,OTT,2.0
2024020684,20242025,2,2025-01-12,OFF,DET,6.0,SEA,2.0
2024020694,20242025,2,2025-01-14,OFF,DET,3.0,SJS,6.0
2024020710,20242025,2,2025-01-16,OFF,FLA,2.0,DET,5.0
2024020727,20242025,2,2025-01-18,OFF,TBL,5.0,DET,1.0
2024020751,20242025,2,2025-01-21,OFF,PHI,2.0,DET,1.0
2024020762,20242025,2,2025-01-23,OFF,DET,4.0,MTL,2.0
2024020781,20242025,2,2025-01-25,OFF,DET,2.0,TBL,0.0
2024020794,20242025,2,2025-01-27,OFF,DET,5.0,LAK,2.0
2024020819,20242025,2,2025-01-30,OFF,EDM,2.0,DET,3.0
2024020842,20242025,2,2025-02-02,OFF,VAN,2.0,DET,3.0
2024020857,20242025,2,2025-02-04,OFF,SEA,4.0,DET,5.0
2024020877,20242025,2,2025-02-08,OFF,DET,3.0,TBL,6.0
2024020894,20242025,2,2025-02-22,OFF,DET,3.0,MIN,4.0
2024020928,20242025,2,2025-02-25,OFF,MIN,2.0,DET,3.0
2024020988,20242025,2,2025-03-06,OFF,DET,2.0,UTA,4.0
2024020998,20242025,2,2025-03-07,OFF,WSH,5.0,DET,2.0
2024021022,20242025,2,2025-03-10,OFF,OTT,2.0,DET,1.0
2024021066,20242025,2,2025-03-16,OFF,DET,3.0,VGK,0.0
2024021081,20242025,2,2025-03-18,OFF,WSH,4.0,DET,1.0
2024021115,20242025,2,2025-03-22,OFF,VGK,6.0,DET,3.0
2024021128,20242025,2,2025-03-24,OFF,UTA,1.0,DET,5.0
2024021144,20242025,2,2025-03-27,OFF,DET,3.0,OTT,4.0
2024021187,20242025,2,2025-04-01,OFF,STL,2.0,DET,1.0
2024021225,20242025,2,2025-04-06,OFF,DET,2.0,FLA,1.0
2024021236,20242025,2,2025-04-08,OFF,MTL,4.0,DET,1.0
2024021251,20242025,2,2025-04-10,OFF,FLA,4.0,DET,1.0
2024021261,20242025,2,2025-04-11,OFF,TBL,3.0,DET,4.0
2024021303,20242025,2,2025-04-16,OFF,NJD,2.0,DET,5.0
2024021308,20242025,2,2025-04-17,OFF,TOR,4.0,DET,3.0
2024020008,20242025,2,2024-10-09,OFF,EDM,0.0,WPG,6.0
2024020056,20242025,2,2024-10-15,OFF,EDM,4.0,PHI,3.0
2024020069,20242025,2,2024-10-17,OFF,NSH,2.0,EDM,4.0
2024020121,20242025,2,2024-10-25,OFF,EDM,4.0,PIT,0.0
2024020166,20242025,2,2024-10-31,OFF,NSH,1.0,EDM,5.0
2024020193,20242025,2,2024-11-04,OFF,EDM,0.0,NJD,3.0
2024020207,20242025,2,2024-11-06,OFF,EDM,2.0,VGK,4.0
2024020235,20242025,2,2024-11-09,OFF,VAN,3.0,EDM,7.0
2024020249,20242025,2,2024-11-12,OFF,EDM,4.0,NYI,3.0
2024020264,20242025,2,2024-11-14,OFF,EDM,3.0,NSH,2.0
2024020274,20242025,2,2024-11-16,OFF,TOR,4.0,EDM,3.0
2024020290,20242025,2,2024-11-18,OFF,MTL,3.0,EDM,0.0
2024020294,20242025,2,2024-11-19,OFF,OTT,2.0,EDM,5.0
2024020315,20242025,2,2024-11-21,OFF,EDM,3.0,MIN,5.0
2024020332,20242025,2,2024-11-23,OFF,EDM,6.0,NYR,2.0
2024020375,20242025,2,2024-11-29,OFF,UTA,3.0,EDM,4.0
2024020405,20242025,2,2024-12-03,OFF,VGK,1.0,EDM,0.0
2024020435,20242025,2,2024-12-07,OFF,EDM,4.0,STL,2.0
2024020453,20242025,2,2024-12-10,OFF,EDM,2.0,TBL,1.0
2024020467,20242025,2,2024-12-12,OFF,MIN,1.0,EDM,7.0
2024020477,20242025,2,2024-12-14,OFF,EDM,6.0,VGK,3.0
2024020495,20242025,2,2024-12-16,OFF,EDM,5.0,FLA,6.0
2024020530,20242025,2,2024-12-21,OFF,EDM,3.0,SJS,2.0
2024020544,20242025,2,2024-12-22,OFF,EDM,3.0,OTT,1.0
2024020569,20242025,2,2024-12-28,OFF,LAK,4.0,EDM,3.0
2024020601,20242025,2,2024-12-31,OFF,EDM,4.0,UTA,1.0
2024020631,20242025,2,2025-01-04,OFF,SEA,2.0,EDM,4.0
2024020658,20242025,2,2025-01-09,OFF,PIT,5.0,EDM,3.0
2024020691,20242025,2,2025-01-13,OFF,EDM,1.0,LAK,0.0
2024020706,20242025,2,2025-01-15,OFF,MIN,3.0,EDM,5.0
2024020735,20242025,2,2025-01-18,OFF,VAN,3.0,EDM,2.0
2024020754,20242025,2,2025-01-21,OFF,EDM,2.0,WSH,3.0
2024020768,20242025,2,2025-01-23,OFF,EDM,6.0,VAN,2.0
2024020797,20242025,2,2025-01-27,OFF,EDM,4.0,SEA,2.0
2024020833,20242025,2,2025-02-01,OFF,EDM,3.0,TOR,4.0
2024020851,20242025,2,2025-02-04,OFF,STL,2.0,EDM,3.0
2024020892,20242025,2,2025-02-22,OFF,PHI,6.0,EDM,3.0
2024020906,20242025,2,2025-02-23,OFF,WSH,7.0,EDM,3.0
2024020921,20242025,2,2025-02-25,OFF,TBL,4.0,EDM,1.0
2024020937,20242025,2,2025-02-27,OFF,FLA,4.0,EDM,3.0
2024020995,20242025,2,2025-03-06,OFF,EDM,3.0,MTL,2.0
2024021042,20242025,2,2025-03-13,OFF,NJD,3.0,EDM,2.0
2024021050,20242025,2,2025-03-14,OFF,NYI,1.0,EDM,2.0
2024021069,20242025,2,2025-03-16,OFF,NYR,1.0,EDM,3.0
2024021085,20242025,2,2025-03-18,OFF,EDM,7.0,UTA,1.0
2024021099,20242025,2,2025-03-20,OFF,EDM,3.0,WPG,4.0
2024021116,20242025,2,2025-03-22,OFF,EDM,5.0,SEA,4.0
2024021151,20242025,2,2025-03-27,OFF,SEA,6.0,EDM,1.0
2024021189,20242025,2,2025-04-01,OFF,VGK,2.0,EDM,3.0
2024021205,20242025,2,2025-04-03,OFF,SJS,2.0,EDM,3.0
2024021213,20242025,2,2025-04-05,OFF,LAK,3.0,EDM,0.0
2024021248,20242025,2,2025-04-09,OFF,EDM,4.0,STL,3.0
2024021263,20242025,2,2025-04-11,OFF,EDM,4.0,SJS,2.0
2024021282,20242025,2,2025-04-13,OFF,WPG,1.0,EDM,4.0
2024021289,20242025,2,2025-04-14,OFF,EDM,0.0,LAK,5.0
2024021306,20242025,2,2025-04-16,OFF,SJS,0.0,EDM,3.0
2024020013,20242025,2,2024-10-10,OFF,OTT,3.0,FLA,1.0
2024020065,20242025,2,2024-10-17,OFF,FLA,2.0,VAN,3.0
2024020078,20242025,2,2024-10-19,OFF,FLA,4.0,VGK,3.0
2024020093,20242025,2,2024-10-22,OFF,FLA,1.0,MIN,5.0
2024020113,20242025,2,2024-10-24,OFF,NYR,1.0,FLA,3.0
2024020130,20242025,2,2024-10-26,OFF,NYI,3.0,FLA,6.0
2024020211,20242025,2,2024-11-07,OFF,FLA,6.0,NSH,2.0
2024020225,20242025,2,2024-11-09,OFF,FLA,4.0,PHI,3.0
2024020246,20242025,2,2024-11-12,OFF,FLA,1.0,NJD,4.0
2024020260,20242025,2,2024-11-14,OFF,FLA,2.0,NJD,6.0
2024020277,20242025,2,2024-11-16,OFF,FLA,5.0,WPG,0.0
2024020297,20242025,2,2024-11-19,OFF,WPG,6.0,FLA,3.0
2024020335,20242025,2,2024-11-25,OFF,FLA,1.0,WSH,4.0
2024020352,20242025,2,2024-11-27,OFF,FLA,5.0,TOR,1.0
2024020399,20242025,2,2024-12-03,OFF,PIT,5.0,FLA,4.0
2024020414,20242025,2,2024-12-05,OFF,PHI,5.0,FLA,7.0
2024020429,20242025,2,2024-12-07,OFF,FLA,3.0,SJS,1.0
2024020456,20242025,2,2024-12-10,OFF,SEA,1.0,FLA,2.0
2024020471,20242025,2,2024-12-12,OFF,VAN,4.0,FLA,0.0
2024020509,20242025,2,2024-12-18,OFF,MIN,1.0,FLA,6.0
2024020523,20242025,2,2024-12-20,OFF,FLA,2.0,STL,1.0
2024020540,20242025,2,2024-12-22,OFF,TBL,2.0,FLA,4.0
2024020549,20242025,2,2024-12-23,OFF,FLA,0.0,TBL,4.0
2024020566,20242025,2,2024-12-28,OFF,FLA,0.0,MTL,4.0
2024020586,20242025,2,2024-12-30,OFF,FLA,5.0,NYR,3.0
2024020615,20242025,2,2025-01-03,OFF,FLA,3.0,PIT,2.0
2024020652,20242025,2,2025-01-08,OFF,UTA,1.0,FLA,4.0
2024020689,20242025,2,2025-01-13,OFF,PHI,4.0,FLA,3.0
2024020695,20242025,2,2025-01-14,OFF,NJD,1.0,FLA,2.0
2024020760,20242025,2,2025-01-22,OFF,LAK,2.0,FLA,1.0
2024020788,20242025,2,2025-01-25,OFF,SJS,2.0,FLA,7.0
2024020793,20242025,2,2025-01-26,OFF,VGK,4.0,FLA,1.0
2024020808,20242025,2,2025-01-29,OFF,FLA,3.0,LAK,0.0
2024020838,20242025,2,2025-02-02,OFF,FLA,6.0,NYI,3.0
2024020849,20242025,2,2025-02-04,OFF,WSH,6.0,FLA,3.0
2024020866,20242025,2,2025-02-06,OFF,STL,2.0,FLA,3.0
2024020880,20242025,2,2025-02-08,OFF,FLA,5.0,OTT,1.0
2024020896,20242025,2,2025-02-22,OFF,FLA,1.0,SEA,2.0
2024020927,20242025,2,2025-02-25,OFF,NSH,1.0,FLA,4.0
2024020969,20242025,2,2025-03-03,OFF,FLA,2.0,TBL,1.0
2024021040,20242025,2,2025-03-13,OFF,TOR,2.0,FLA,3.0
2024021060,20242025,2,2025-03-15,OFF,MTL,3.0,FLA,1.0
2024021070,20242025,2,2025-03-16,OFF,NYI,4.0,FLA,2.0
2024021110,20242025,2,2025-03-22,OFF,WSH,6.0,FLA,3.0
2024021120,20242025,2,2025-03-23,OFF,FLA,4.0,PIT,3.0
2024021153,20242025,2,2025-03-28,OFF,FLA,2.0,UTA,1.0
2024021170,20242025,2,2025-03-30,OFF,FLA,2.0,MTL,4.0
2024021183,20242025,2,2025-04-01,OFF,MTL,3.0,FLA,2.0
2024021194,20242025,2,2025-04-02,OFF,TOR,3.0,FLA,2.0
2024021210,20242025,2,2025-04-05,OFF,OTT,3.0,FLA,0.0
2024021237,20242025,2,2025-04-08,OFF,FLA,3.0,TOR,1.0
2024021287,20242025,2,2025-04-14,OFF,FLA,3.0,NYR,5.0
2024021294,20242025,2,2025-04-15,OFF,TBL,5.0,FLA,1.0
2024020043,20242025,2,2024-10-14,OFF,OTT,8.0,LAK,7.0
2024020058,20242025,2,2024-10-16,OFF,TOR,6.0,LAK,2.0
2024020061,20242025,2,2024-10-17,OFF,MTL,1.0,LAK,4.0
2024020107,20242025,2,2024-10-22,OFF,VGK,6.0,LAK,1.0
2024020117,20242025,2,2024-10-24,OFF,LAK,3.0,SJS,2.0
2024020124,20242025,2,2024-10-26,OFF,LAK,3.0,UTA,2.0
2024020154,20242025,2,2024-10-29,OFF,SJS,4.0,LAK,2.0
2024020160,20242025,2,2024-10-30,OFF,LAK,6.0,VGK,3.0
2024020192,20242025,2,2024-11-04,OFF,NSH,0.0,LAK,3.0
2024020200,20242025,2,2024-11-05,OFF,MIN,1.0,LAK,5.0
2024020218,20242025,2,2024-11-07,OFF,LAK,2.0,VAN,4.0
2024020320,20242025,2,2024-11-23,OFF,LAK,2.0,SEA,1.0
2024020344,20242025,2,2024-11-25,OFF,SJS,7.0,LAK,2.0
2024020359,20242025,2,2024-11-27,OFF,LAK,4.0,WPG,1.0
2024020382,20242025,2,2024-11-30,OFF,LAK,5.0,OTT,2.0
2024020434,20242025,2,2024-12-07,OFF,LAK,4.0,MIN,1.0
2024020450,20242025,2,2024-12-10,OFF,NYI,1.0,LAK,3.0
2024020461,20242025,2,2024-12-12,OFF,NJD,3.0,LAK,1.0
2024020475,20242025,2,2024-12-14,OFF,NYR,1.0,LAK,5.0
2024020499,20242025,2,2024-12-17,OFF,PIT,3.0,LAK,2.0
2024020513,20242025,2,2024-12-19,OFF,PHI,3.0,LAK,7.0
2024020528,20242025,2,2024-12-21,OFF,NSH,3.0,LAK,2.0
2024020541,20242025,2,2024-12-22,OFF,WSH,3.0,LAK,1.0
2024020585,20242025,2,2024-12-29,OFF,LAK,5.0,PHI,4.0
2024020602,20242025,2,2025-01-01,OFF,LAK,3.0,NJD,0.0
2024020629,20242025,2,2025-01-04,OFF,LAK,2.0,TBL,1.0
2024020667,20242025,2,2025-01-10,OFF,WPG,1.0,LAK,2.0
2024020719,20242025,2,2025-01-16,OFF,VAN,1.0,LAK,5.0
2024020736,20242025,2,2025-01-18,OFF,SEA,4.0,LAK,2.0
2024020748,20242025,2,2025-01-20,OFF,LAK,1.0,PIT,5.0
2024020815,20242025,2,2025-01-30,OFF,TBL,3.0,LAK,0.0
2024020861,20242025,2,2025-02-05,OFF,LAK,6.0,MTL,3.0
2024020904,20242025,2,2025-02-22,OFF,LAK,5.0,UTA,3.0
2024020917,20242025,2,2025-02-24,OFF,LAK,5.0,VGK,2.0
2024020932,20242025,2,2025-02-26,OFF,LAK,2.0,VAN,3.0
2024020957,20242025,2,2025-03-01,OFF,STL,4.0,LAK,1.0
2024020987,20242025,2,2025-03-05,OFF,LAK,2.0,STL,3.0
2024021010,20242025,2,2025-03-08,OFF,LAK,2.0,STL,1.0
2024021018,20242025,2,2025-03-09,OFF,VGK,5.0,LAK,6.0
2024021034,20242025,2,2025-03-11,OFF,LAK,4.0,NYI,1.0
2024021047,20242025,2,2025-03-13,OFF,LAK,3.0,WSH,0.0
2024021064,20242025,2,2025-03-15,OFF,LAK,1.0,NSH,0.0
2024021077,20242025,2,2025-03-17,OFF,MIN,3.0,LAK,1.0
2024021138,20242025,2,2025-03-25,OFF,LAK,3.0,NYR,1.0
2024021165,20242025,2,2025-03-29,OFF,LAK,1.0,TOR,3.0
2024021177,20242025,2,2025-03-30,OFF,LAK,8.0,SJS,1.0
2024021191,20242025,2,2025-04-01,OFF,LAK,4.0,WPG,1.0
2024021202,20242025,2,2025-04-03,OFF,UTA,2.0,LAK,4.0
2024021233,20242025,2,2025-04-07,OFF,LAK,1.0,SEA,2.0
2024021300,20242025,2,2025-04-15,OFF,SEA,5.0,LAK,6.0
2024020033,20242025,2,2024-10-12,OFF,MIN,4.0,SEA,5.0
2024020038,20242025,2,2024-10-13,OFF,WPG,2.0,MIN,1.0
2024020052,20242025,2,2024-10-15,OFF,STL,1.0,MIN,4.0
2024020112,20242025,2,2024-10-24,OFF,TBL,2.0,MIN,4.0
2024020123,20242025,2,2024-10-26,OFF,PHI,7.0,MIN,5.0
2024020153,20242025,2,2024-10-29,OFF,PIT,3.0,MIN,5.0
2024020172,20242025,2,2024-11-01,OFF,MIN,5.0,TBL,3.0
2024020189,20242025,2,2024-11-03,OFF,MIN,2.0,TOR,1.0
2024020219,20242025,2,2024-11-07,OFF,SJS,2.0,MIN,5.0
2024020263,20242025,2,2024-11-14,OFF,MIN,3.0,MTL,0.0
2024020296,20242025,2,2024-11-19,OFF,STL,2.0,MIN,4.0
2024020342,20242025,2,2024-11-25,OFF,MIN,1.0,WPG,4.0
2024020384,20242025,2,2024-11-30,OFF,MIN,3.0,NSH,2.0
2024020402,20242025,2,2024-12-03,OFF,MIN,3.0,VAN,2.0
2024020454,20242025,2,2024-12-10,OFF,UTA,4.0,MIN,5.0
2024020476,20242025,2,2024-12-14,OFF,MIN,4.0,PHI,1.0
2024020493,20242025,2,2024-12-15,OFF,MIN,2.0,VGK,3.0
2024020526,20242025,2,2024-12-20,OFF,MIN,1.0,UTA,2.0
2024020536,20242025,2,2024-12-21,OFF,WPG,5.0,MIN,0.0
2024020583,20242025,2,2024-12-29,OFF,MIN,1.0,OTT,3.0
2024020596,20242025,2,2024-12-31,OFF,MIN,5.0,NSH,3.0
2024020605,20242025,2,2025-01-02,OFF,WSH,3.0,MIN,4.0
2024020646,20242025,2,2025-01-07,OFF,MIN,6.0,STL,4.0
2024020683,20242025,2,2025-01-11,OFF,SJS,1.0,MIN,3.0
2024020688,20242025,2,2025-01-12,OFF,VGK,4.0,MIN,1.0
2024020733,20242025,2,2025-01-18,OFF,NSH,6.0,MIN,2.0
2024020766,20242025,2,2025-01-23,OFF,MIN,0.0,UTA,4.0
2024020807,20242025,2,2025-01-29,OFF,TOR,1.0,MIN,3.0
2024020813,20242025,2,2025-01-30,OFF,MTL,0.0,MIN,4.0
2024020828,20242025,2,2025-02-01,OFF,OTT,6.0,MIN,0.0
2024020886,20242025,2,2025-02-08,OFF,MIN,6.0,NYI,3.0
2024020942,20242025,2,2025-02-27,OFF,UTA,6.0,MIN,1.0
2024020982,20242025,2,2025-03-04,OFF,SEA,3.0,MIN,4.0
2024021000,20242025,2,2025-03-07,OFF,VAN,3.0,MIN,1.0
2024021015,20242025,2,2025-03-09,OFF,MIN,1.0,PIT,3.0
2024021046,20242025,2,2025-03-13,OFF,MIN,2.0,NYR,3.0
2024021063,20242025,2,2025-03-15,OFF,MIN,1.0,STL,5.0
2024021088,20242025,2,2025-03-19,OFF,MIN,4.0,SEA,0.0
2024021134,20242025,2,2025-03-25,OFF,MIN,1.0,VGK,5.0
2024021148,20242025,2,2025-03-27,OFF,MIN,4.0,WSH,2.0
2024021162,20242025,2,2025-03-29,OFF,MIN,2.0,NJD,5.0
2024021178,20242025,2,2025-03-31,OFF,NJD,3.0,MIN,2.0
2024021192,20242025,2,2025-04-02,OFF,NYR,5.0,MIN,4.0
2024021208,20242025,2,2025-04-04,OFF,NYI,3.0,MIN,1.0
2024021247,20242025,2,2025-04-09,OFF,MIN,8.0,SJS,7.0
2024021273,20242025,2,2025-04-12,OFF,VAN,2.0,MIN,3.0
2024020006,20242025,2,2024-10-09,OFF,MTL,1.0,TOR,0.0
2024020027,20242025,2,2024-10-12,OFF,MTL,4.0,OTT,1.0
2024020046,20242025,2,2024-10-14,OFF,MTL,3.0,PIT,6.0
2024020081,20242025,2,2024-10-19,OFF,NYI,4.0,MTL,3.0
2024020096,20242025,2,2024-10-22,OFF,MTL,2.0,NYR,7.0
2024020126,20242025,2,2024-10-26,OFF,MTL,5.0,STL,2.0
2024020138,20242025,2,2024-10-27,OFF,PHI,3.0,MTL,4.0
2024020149,20242025,2,2024-10-29,OFF,MTL,2.0,SEA,8.0
2024020164,20242025,2,2024-10-31,OFF,WSH,6.0,MTL,3.0
2024020180,20242025,2,2024-11-02,OFF,PIT,3.0,MTL,1.0
2024020212,20242025,2,2024-11-07,OFF,NJD,5.0,MTL,3.0
2024020227,20242025,2,2024-11-09,OFF,TOR,4.0,MTL,1.0
2024020322,20242025,2,2024-11-23,OFF,MTL,2.0,VGK,6.0
2024020346,20242025,2,2024-11-26,OFF,MTL,2.0,UTA,3.0
2024020376,20242025,2,2024-11-30,OFF,NYR,4.0,MTL,3.0
2024020398,20242025,2,2024-12-03,OFF,MTL,2.0,NYI,1.0
2024020411,20242025,2,2024-12-05,OFF,MTL,3.0,NSH,0.0
2024020430,20242025,2,2024-12-07,OFF,MTL,2.0,WSH,4.0
2024020460,20242025,2,2024-12-12,OFF,MTL,2.0,PIT,9.0
2024020482,20242025,2,2024-12-14,OFF,WPG,4.0,MTL,2.0
2024020580,20242025,2,2024-12-29,OFF,TBL,2.0,MTL,5.0
2024020591,20242025,2,2024-12-31,OFF,VGK,2.0,MTL,3.0
2024020638,20242025,2,2025-01-06,OFF,MTL,5.0,VAN,4.0
2024020665,20242025,2,2025-01-10,OFF,WSH,2.0,MTL,3.0
2024020704,20242025,2,2025-01-14,OFF,UTA,3.0,MTL,5.0
2024020726,20242025,2,2025-01-18,OFF,MTL,3.0,TOR,7.0
2024020738,20242025,2,2025-01-19,OFF,MTL,5.0,NYR,4.0
2024020749,20242025,2,2025-01-21,OFF,MTL,3.0,TBL,2.0
2024020779,20242025,2,2025-01-25,OFF,MTL,3.0,NJD,4.0
2024020800,20242025,2,2025-01-28,OFF,MTL,1.0,WPG,4.0
2024020858,20242025,2,2025-02-04,OFF,SJS,3.0,MTL,4.0
2024020876,20242025,2,2025-02-08,OFF,MTL,0.0,NJD,4.0
2024020891,20242025,2,2025-02-09,OFF,MTL,3.0,TBL,5.0
2024020901,20242025,2,2025-02-22,OFF,OTT,2.0,MTL,5.0
2024020934,20242025,2,2025-02-27,OFF,MTL,4.0,SJS,3.0
2024021032,20242025,2,2025-03-11,OFF,VAN,2.0,MTL,4.0
2024021039,20242025,2,2025-03-12,OFF,SEA,5.0,MTL,4.0
2024021078,20242025,2,2025-03-18,OFF,MTL,6.0,OTT,3.0
2024021094,20242025,2,2025-03-20,OFF,NYI,4.0,MTL,3.0
2024021133,20242025,2,2025-03-25,OFF,STL,6.0,MTL,1.0
2024021146,20242025,2,2025-03-27,OFF,PHI,6.0,MTL,4.0
2024021217,20242025,2,2025-04-05,OFF,MTL,3.0,PHI,2.0
2024021228,20242025,2,2025-04-06,OFF,NSH,1.0,MTL,2.0
2024021260,20242025,2,2025-04-11,OFF,OTT,5.0,MTL,2.0
2024021269,20242025,2,2025-04-12,OFF,TOR,1.0,MTL,0.0
2024020015,20242025,2,2024-10-10,OFF,NJD,2.0,TOR,4.0
2024020031,20242025,2,2024-10-12,OFF,WSH,3.0,NJD,5.0
2024020044,20242025,2,2024-10-14,OFF,NJD,3.0,UTA,0.0
2024020062,20242025,2,2024-10-17,OFF,OTT,1.0,NJD,3.0
2024020080,20242025,2,2024-10-19,OFF,NJD,5.0,WSH,6.0
2024020094,20242025,2,2024-10-22,OFF,NJD,5.0,TBL,8.0
2024020119,20242025,2,2024-10-25,OFF,NJD,3.0,NYI,4.0
2024020159,20242025,2,2024-10-30,OFF,VAN,0.0,NJD,6.0
2024020231,20242025,2,2024-11-09,OFF,NYI,3.0,NJD,4.0
2024020236,20242025,2,2024-11-10,OFF,NJD,0.0,SJS,1.0
2024020276,20242025,2,2024-11-16,OFF,TBL,4.0,NJD,0.0
2024020327,20242025,2,2024-11-23,OFF,WSH,2.0,NJD,3.0
2024020336,20242025,2,2024-11-25,OFF,NJD,5.0,NSH,2.0
2024020348,20242025,2,2024-11-27,OFF,NJD,0.0,STL,3.0
2024020379,20242025,2,2024-11-30,OFF,NJD,5.0,WSH,6.0
2024020393,20242025,2,2024-12-02,OFF,NYR,1.0,NJD,5.0
2024020420,20242025,2,2024-12-06,OFF,NJD,3.0,SEA,2.0
2024020446,20242025,2,2024-12-10,OFF,NJD,1.0,TOR,2.0
2024020501,20242025,2,2024-12-17,OFF,STL,1.0,NJD,4.0
2024020534,20242025,2,2024-12-21,OFF,NJD,3.0,PIT,0.0
2024020545,20242025,2,2024-12-23,OFF,NJD,5.0,NYR,0.0
2024020622,20242025,2,2025-01-04,OFF,SJS,3.0,NJD,2.0
2024020640,20242025,2,2025-01-06,OFF,SEA,2.0,NJD,3.0
2024020656,20242025,2,2025-01-09,OFF,NYR,3.0,NJD,2.0
2024020674,20242025,2,2025-01-11,OFF,NJD,3.0,TBL,2.0
2024020707,20242025,2,2025-01-16,OFF,TOR,4.0,NJD,3.0
2024020722,20242025,2,2025-01-18,OFF,NJD,1.0,PHI,3.0
2024020737,20242025,2,2025-01-19,OFF,NJD,1.0,OTT,2.0
2024020795,20242025,2,2025-01-27,OFF,PHI,4.0,NJD,2.0
2024020809,20242025,2,2025-01-29,OFF,NJD,5.0,PHI,0.0
2024020848,20242025,2,2025-02-04,OFF,PIT,2.0,NJD,3.0
2024020863,20242025,2,2025-02-06,OFF,NJD,1.0,VGK,3.0
2024020911,20242025,2,2025-02-23,OFF,NSH,0.0,NJD,5.0
2024020958,20242025,2,2025-03-01,OFF,UTA,1.0,NJD,3.0
2024020966,20242025,2,2025-03-02,OFF,VGK,2.0,NJD,0.0
2024020997,20242025,2,2025-03-07,OFF,NJD,1.0,WPG,6.0
2024021013,20242025,2,2025-03-09,OFF,PHI,1.0,NJD,3.0
2024021056,20242025,2,2025-03-15,OFF,PIT,7.0,NJD,3.0
2024021113,20242025,2,2025-03-22,OFF,NJD,2.0,OTT,3.0
2024021125,20242025,2,2025-03-24,OFF,NJD,3.0,VAN,4.0
2024021156,20242025,2,2025-03-28,OFF,WPG,4.0,NJD,0.0
2024021209,20242025,2,2025-04-05,OFF,NJD,4.0,NYR,0.0
2024021262,20242025,2,2025-04-11,OFF,NJD,2.0,PIT,4.0
2024021277,20242025,2,2025-04-13,OFF,NJD,0.0,NYI,1.0
2024020053,20242025,2,2024-10-15,OFF,NSH,3.0,SEA,7.0
2024020141,20242025,2,2024-10-28,OFF,TBL,3.0,NSH,2.0
2024020205,20242025,2,2024-11-06,OFF,WSH,3.0,NSH,2.0
2024020232,20242025,2,2024-11-09,OFF,NSH,4.0,UTA,0.0
2024020285,20242025,2,2024-11-17,OFF,VAN,3.0,NSH,5.0
2024020304,20242025,2,2024-11-20,OFF,SEA,3.0,NSH,0.0
2024020329,20242025,2,2024-11-23,OFF,NSH,4.0,WPG,1.0
2024020356,20242025,2,2024-11-27,OFF,NSH,2.0,PHI,3.0
2024020369,20242025,2,2024-11-29,OFF,NSH,2.0,TBL,3.0
2024020406,20242025,2,2024-12-04,OFF,TOR,3.0,NSH,2.0
2024020431,20242025,2,2024-12-07,OFF,OTT,3.0,NSH,1.0
2024020502,20242025,2,2024-12-17,OFF,NSH,2.0,NYR,0.0
2024020515,20242025,2,2024-12-19,OFF,NSH,4.0,PIT,5.0
2024020562,20242025,2,2024-12-27,OFF,STL,7.0,NSH,4.0
2024020587,20242025,2,2024-12-30,OFF,WPG,3.0,NSH,0.0
2024020619,20242025,2,2025-01-03,OFF,VAN,0.0,NSH,3.0
2024020647,20242025,2,2025-01-07,OFF,WPG,5.0,NSH,2.0
2024020679,20242025,2,2025-01-11,OFF,NSH,1.0,WSH,4.0
2024020701,20242025,2,2025-01-14,OFF,NSH,5.0,VGK,3.0
2024020752,20242025,2,2025-01-21,OFF,NSH,7.0,SJS,5.0
2024020771,20242025,2,2025-01-23,OFF,SJS,5.0,NSH,6.0
2024020810,20242025,2,2025-01-29,OFF,NSH,1.0,VAN,3.0
2024020830,20242025,2,2025-02-01,OFF,PIT,3.0,NSH,0.0
2024020844,20242025,2,2025-02-03,OFF,NSH,2.0,OTT,5.0
2024020941,20242025,2,2025-02-27,OFF,NSH,2.0,WPG,1.0
2024020949,20242025,2,2025-03-01,OFF,NYI,7.0,NSH,4.0
2024020965,20242025,2,2025-03-02,OFF,NYR,4.0,NSH,0.0
2024020993,20242025,2,2025-03-06,OFF,NSH,5.0,SEA,3.0
2024021035,20242025,2,2025-03-11,OFF,SJS,2.0,NSH,3.0
2024021082,20242025,2,2025-03-18,OFF,NSH,1.0,STL,4.0
2024021114,20242025,2,2025-03-22,OFF,NSH,5.0,TOR,2.0
2024021121,20242025,2,2025-03-23,OFF,STL,4.0,NSH,1.0
2024021147,20242025,2,2025-03-27,OFF,NSH,2.0,STL,3.0
2024021163,20242025,2,2025-03-29,OFF,NSH,1.0,VGK,3.0
2024021179,20242025,2,2025-03-31,OFF,PHI,2.0,NSH,1.0
2024021241,20242025,2,2025-04-08,OFF,NSH,7.0,NYI,6.0
2024021257,20242025,2,2025-04-10,OFF,UTA,3.0,NSH,4.0
2024021274,20242025,2,2025-04-12,OFF,VGK,5.0,NSH,3.0
2024021288,20242025,2,2025-04-14,OFF,NSH,3.0,UTA,7.0
2024020016,20242025,2,2024-10-10,OFF,NYI,4.0,UTA,5.0
2024020068,20242025,2,2024-10-17,OFF,STL,1.0,NYI,0.0
2024020185,20242025,2,2024-11-03,OFF,NYR,5.0,NYI,2.0
2024020198,20242025,2,2024-11-05,OFF,NYI,4.0,PIT,3.0
2024020209,20242025,2,2024-11-07,OFF,OTT,2.0,NYI,4.0
2024020265,20242025,2,2024-11-14,OFF,VAN,2.0,NYI,5.0
2024020273,20242025,2,2024-11-16,OFF,SEA,3.0,NYI,2.0
2024020330,20242025,2,2024-11-23,OFF,NYI,3.0,STL,1.0
2024020366,20242025,2,2024-11-29,OFF,WSH,5.0,NYI,4.0
2024020416,20242025,2,2024-12-05,OFF,NYI,2.0,SEA,5.0
2024020438,20242025,2,2024-12-08,OFF,OTT,2.0,NYI,4.0
2024020532,20242025,2,2024-12-21,OFF,TOR,3.0,NYI,6.0
2024020575,20242025,2,2024-12-28,OFF,NYI,6.0,PIT,3.0
2024020581,20242025,2,2024-12-29,OFF,PIT,3.0,NYI,2.0
2024020590,20242025,2,2024-12-31,OFF,TOR,3.0,NYI,1.0
2024020607,20242025,2,2025-01-02,OFF,NYI,1.0,TOR,2.0
2024020663,20242025,2,2025-01-09,OFF,VGK,0.0,NYI,4.0
2024020680,20242025,2,2025-01-11,OFF,UTA,1.0,NYI,2.0
2024020699,20242025,2,2025-01-14,OFF,NYI,0.0,OTT,2.0
2024020712,20242025,2,2025-01-16,OFF,NYI,3.0,PHI,5.0
2024020731,20242025,2,2025-01-18,OFF,NYI,4.0,SJS,1.0
2024020772,20242025,2,2025-01-24,OFF,NYI,3.0,PHI,1.0
2024020816,20242025,2,2025-01-30,OFF,PHI,0.0,NYI,3.0
2024020829,20242025,2,2025-02-01,OFF,TBL,2.0,NYI,3.0
2024020850,20242025,2,2025-02-04,OFF,NYI,2.0,VGK,1.0
2024020872,20242025,2,2025-02-07,OFF,WPG,4.0,NYI,3.0
2024020925,20242025,2,2025-02-25,OFF,NYI,1.0,NYR,5.0
2024020970,20242025,2,2025-03-03,OFF,NYR,4.0,NYI,0.0
2024020978,20242025,2,2025-03-04,OFF,NYI,3.0,WPG,2.0
2024021012,20242025,2,2025-03-08,OFF,SJS,2.0,NYI,4.0
2024021080,20242025,2,2025-03-18,OFF,PIT,2.0,NYI,4.0
2024021139,20242025,2,2025-03-26,OFF,NYI,2.0,VAN,5.0
2024021160,20242025,2,2025-03-29,OFF,TBL,5.0,NYI,3.0
2024021186,20242025,2,2025-04-01,OFF,NYI,1.0,TBL,4.0
2024021222,20242025,2,2025-04-06,OFF,NYI,4.0,WSH,1.0
2024021254,20242025,2,2025-04-10,OFF,NYI,2.0,NYR,9.0
2024021265,20242025,2,2025-04-12,OFF,PHI,4.0,NYI,3.0
2024021296,20242025,2,2025-04-15,OFF,NYI,1.0,WSH,3.0
2024020007,20242025,2,2024-10-09,OFF,PIT,0.0,NYR,6.0
2024020030,20242025,2,2024-10-12,OFF,NYR,5.0,UTA,6.0
2024020079,20242025,2,2024-10-19,OFF,TOR,1.0,NYR,4.0
2024020151,20242025,2,2024-10-29,OFF,WSH,5.0,NYR,3.0
2024020170,20242025,2,2024-11-01,OFF,NYR,2.0,OTT,1.0
2024020247,20242025,2,2024-11-12,OFF,NYR,3.0,WPG,6.0
2024020261,20242025,2,2024-11-14,OFF,NYR,3.0,SJS,2.0
2024020287,20242025,2,2024-11-17,OFF,SEA,0.0,NYR,2.0
2024020300,20242025,2,2024-11-19,OFF,VAN,3.0,NYR,4.0
2024020337,20242025,2,2024-11-25,OFF,NYR,2.0,STL,5.0
2024020362,20242025,2,2024-11-29,OFF,PHI,3.0,NYR,1.0
2024020421,20242025,2,2024-12-06,OFF,NYR,4.0,PIT,2.0
2024020436,20242025,2,2024-12-08,OFF,NYR,5.0,SEA,7.0
2024020492,20242025,2,2024-12-15,OFF,STL,3.0,NYR,2.0
2024020572,20242025,2,2024-12-28,OFF,TBL,6.0,NYR,2.0
2024020620,20242025,2,2025-01-04,OFF,WSH,7.0,NYR,4.0
2024020682,20242025,2,2025-01-11,OFF,VGK,1.0,NYR,2.0
2024020717,20242025,2,2025-01-16,OFF,UTA,3.0,NYR,5.0
2024020750,20242025,2,2025-01-21,OFF,NYR,5.0,OTT,0.0
2024020763,20242025,2,2025-01-23,OFF,NYR,6.0,PHI,1.0
2024020839,20242025,2,2025-02-02,OFF,NYR,4.0,VGK,2.0
2024020871,20242025,2,2025-02-07,OFF,NYR,2.0,PIT,3.0
2024020907,20242025,2,2025-02-23,OFF,PIT,3.0,NYR,5.0
2024020945,20242025,2,2025-02-28,OFF,NYR,2.0,TOR,3.0
2024020983,20242025,2,2025-03-05,OFF,NYR,2.0,WSH,3.0
2024021003,20242025,2,2025-03-08,OFF,OTT,4.0,NYR,3.0
2024021031,20242025,2,2025-03-11,OFF,WPG,2.0,NYR,1.0
2024021091,20242025,2,2025-03-20,OFF,NYR,3.0,TOR,4.0
2024021104,20242025,2,2025-03-22,OFF,NYR,5.0,VAN,3.0
2024021168,20242025,2,2025-03-29,OFF,SJS,1.0,NYR,6.0
2024021230,20242025,2,2025-04-07,OFF,NYR,1.0,TBL,5.0
2024021246,20242025,2,2025-04-09,OFF,NYR,5.0,PHI,8.0
2024021310,20242025,2,2025-04-17,OFF,NYR,4.0,TBL,0.0
2024020075,20242025,2,2024-10-19,OFF,OTT,5.0,TBL,4.0
2024020104,20242025,2,2024-10-22,OFF,UTA,0.0,OTT,4.0
2024020118,20242025,2,2024-10-25,OFF,VGK,6.0,OTT,4.0
2024020150,20242025,2,2024-10-29,OFF,OTT,8.0,STL,1.0
2024020178,20242025,2,2024-11-02,OFF,OTT,3.0,SEA,0.0
2024020245,20242025,2,2024-11-12,OFF,TOR,0.0,OTT,3.0
2024020258,20242025,2,2024-11-14,OFF,OTT,4.0,PHI,5.0
2024020307,20242025,2,2024-11-21,OFF,OTT,2.0,VGK,3.0
2024020323,20242025,2,2024-11-23,OFF,OTT,3.0,VAN,4.0
2024020361,20242025,2,2024-11-27,OFF,SJS,3.0,OTT,4.0
2024020478,20242025,2,2024-12-14,OFF,OTT,3.0,PIT,2.0
2024020505,20242025,2,2024-12-17,OFF,SEA,0.0,OTT,3.0
2024020537,20242025,2,2024-12-21,OFF,VAN,4.0,OTT,5.0
2024020574,20242025,2,2024-12-28,OFF,WPG,4.0,OTT,2.0
2024020617,20242025,2,2025-01-03,OFF,STL,4.0,OTT,0.0
2024020671,20242025,2,2025-01-11,OFF,PIT,0.0,OTT,5.0
2024020708,20242025,2,2025-01-16,OFF,OTT,0.0,WSH,1.0
2024020780,20242025,2,2025-01-25,OFF,OTT,2.0,TOR,1.0
2024020790,20242025,2,2025-01-26,OFF,OTT,3.0,UTA,1.0
2024020814,20242025,2,2025-01-30,OFF,OTT,5.0,WSH,4.0
2024020847,20242025,2,2025-02-04,OFF,TBL,4.0,OTT,3.0
2024020862,20242025,2,2025-02-06,OFF,TBL,5.0,OTT,1.0
2024020930,20242025,2,2025-02-26,OFF,OTT,1.0,WPG,4.0
2024020954,20242025,2,2025-03-01,OFF,OTT,5.0,SJS,3.0
2024020967,20242025,2,2025-03-03,OFF,WSH,5.0,OTT,4.0
2024021027,20242025,2,2025-03-11,OFF,PHI,2.0,OTT,5.0
2024021059,20242025,2,2025-03-15,OFF,TOR,2.0,OTT,4.0
2024021174,20242025,2,2025-03-30,OFF,PIT,1.0,OTT,0.0
2024021198,20242025,2,2025-04-03,OFF,OTT,2.0,TBL,1.0
2024021276,20242025,2,2025-04-13,OFF,OTT,4.0,PHI,3.0
2024020022,20242025,2,2024-10-11,OFF,VAN,2.0,PHI,3.0
2024020071,20242025,2,2024-10-17,OFF,SEA,6.0,PHI,4.0
2024020082,20242025,2,2024-10-19,OFF,PHI,0.0,VAN,3.0
2024020092,20242025,2,2024-10-22,OFF,PHI,1.0,WSH,4.0
2024020108,20242025,2,2024-10-23,OFF,WSH,6.0,PHI,3.0
2024020162,20242025,2,2024-10-31,OFF,PHI,2.0,STL,1.0
2024020210,20242025,2,2024-11-07,OFF,TBL,1.0,PHI,2.0
2024020240,20242025,2,2024-11-11,OFF,PHI,4.0,SJS,3.0
2024020338,20242025,2,2024-11-25,OFF,PHI,4.0,VGK,5.0
2024020381,20242025,2,2024-11-30,OFF,STL,2.0,PHI,3.0
2024020441,20242025,2,2024-12-08,OFF,PHI,2.0,UTA,4.0
2024020550,20242025,2,2024-12-23,OFF,PIT,7.0,PHI,3.0
2024020599,20242025,2,2024-12-31,OFF,SJS,0.0,PHI,4.0
2024020612,20242025,2,2025-01-02,OFF,VGK,5.0,PHI,2.0
2024020635,20242025,2,2025-01-05,OFF,TOR,3.0,PHI,2.0
2024020644,20242025,2,2025-01-07,OFF,PHI,2.0,TOR,3.0
2024020854,20242025,2,2025-02-04,OFF,UTA,3.0,PHI,2.0
2024020864,20242025,2,2025-02-06,OFF,PHI,3.0,WSH,4.0
2024020881,20242025,2,2025-02-08,OFF,PHI,3.0,PIT,2.0
2024020922,20242025,2,2025-02-25,OFF,PHI,6.0,PIT,1.0
2024020938,20242025,2,2025-02-27,OFF,PIT,5.0,PHI,4.0
2024020956,20242025,2,2025-03-01,OFF,WPG,1.0,PHI,2.0
2024020991,20242025,2,2025-03-06,OFF,PHI,1.0,WPG,4.0
2024021004,20242025,2,2025-03-08,OFF,PHI,1.0,SEA,4.0
2024021043,20242025,2,2025-03-13,OFF,PHI,4.0,TBL,3.0
2024021074,20242025,2,2025-03-17,OFF,TBL,2.0,PHI,0.0
2024021092,20242025,2,2025-03-20,OFF,WSH,3.0,PHI,2.0
2024021130,20242025,2,2025-03-25,OFF,TOR,7.0,PHI,2.0
2024020026,20242025,2,2024-10-12,OFF,TOR,4.0,PIT,2.0
2024020088,20242025,2,2024-10-20,OFF,WPG,6.0,PIT,3.0
2024020133,20242025,2,2024-10-26,OFF,VAN,4.0,PIT,3.0
2024020221,20242025,2,2024-11-08,OFF,WSH,2.0,PIT,4.0
2024020279,20242025,2,2024-11-16,OFF,PIT,4.0,SJS,3.0
2024020295,20242025,2,2024-11-19,OFF,PIT,2.0,TBL,3.0
2024020316,20242025,2,2024-11-22,OFF,PIT,1.0,WPG,4.0
2024020326,20242025,2,2024-11-23,OFF,PIT,1.0,UTA,6.0
2024020354,20242025,2,2024-11-27,OFF,PIT,5.0,VAN,4.0
2024020433,20242025,2,2024-12-07,OFF,PIT,5.0,TOR,2.0
2024020686,20242025,2,2025-01-12,OFF,PIT,2.0,TBL,5.0
2024020696,20242025,2,2025-01-14,OFF,PIT,2.0,SEA,4.0
2024020729,20242025,2,2025-01-18,OFF,WSH,4.0,PIT,1.0
2024020778,20242025,2,2025-01-25,OFF,SEA,4.0,PIT,1.0
2024020798,20242025,2,2025-01-27,OFF,SJS,2.0,PIT,1.0
2024020811,20242025,2,2025-01-29,OFF,UTA,2.0,PIT,3.0
2024020893,20242025,2,2025-02-22,OFF,PIT,3.0,WSH,8.0
2024020961,20242025,2,2025-03-02,OFF,PIT,5.0,TOR,6.0
2024021001,20242025,2,2025-03-07,OFF,VGK,4.0,PIT,0.0
2024021028,20242025,2,2025-03-11,OFF,PIT,3.0,VGK,2.0
2024021044,20242025,2,2025-03-13,OFF,PIT,5.0,STL,3.0
2024021131,20242025,2,2025-03-25,OFF,TBL,6.0,PIT,1.0
2024021200,20242025,2,2025-04-03,OFF,STL,5.0,PIT,4.0
2024021311,20242025,2,2025-04-17,OFF,PIT,5.0,WSH,2.0
2024020003,20242025,2,2024-10-08,OFF,SEA,2.0,STL,3.0
2024020116,20242025,2,2024-10-24,OFF,SEA,3.0,WPG,4.0
2024020161,20242025,2,2024-10-31,OFF,TOR,4.0,SEA,1.0
2024020223,20242025,2,2024-11-08,OFF,SEA,4.0,VGK,3.0
2024020371,20242025,2,2024-11-29,OFF,SJS,8.0,SEA,5.0
2024020387,20242025,2,2024-11-30,OFF,SEA,2.0,SJS,4.0
2024020488,20242025,2,2024-12-14,OFF,SEA,1.0,TBL,5.0
2024020538,20242025,2,2024-12-21,OFF,VGK,6.0,SEA,2.0
2024020567,20242025,2,2024-12-28,OFF,VAN,4.0,SEA,5.0
2024020588,20242025,2,2024-12-30,OFF,SEA,5.0,UTA,2.0
2024020613,20242025,2,2025-01-02,OFF,SEA,3.0,VAN,4.0
2024020716,20242025,2,2025-01-16,OFF,WPG,2.0,SEA,1.0
2024020770,20242025,2,2025-01-23,OFF,SEA,0.0,WSH,3.0
2024020821,20242025,2,2025-01-30,OFF,SEA,6.0,SJS,2.0
2024020869,20242025,2,2025-02-06,OFF,SEA,1.0,TOR,3.0
2024020909,20242025,2,2025-02-23,OFF,TBL,4.0,SEA,1.0
2024020926,20242025,2,2025-02-25,OFF,STL,7.0,SEA,2.0
2024020960,20242025,2,2025-03-01,OFF,SEA,6.0,VAN,3.0
2024021014,20242025,2,2025-03-09,OFF,WSH,4.0,SEA,2.0
2024021054,20242025,2,2025-03-14,OFF,SEA,4.0,UTA,2.0
2024021072,20242025,2,2025-03-16,OFF,SEA,2.0,WPG,3.0
2024021196,20242025,2,2025-04-02,OFF,VAN,0.0,SEA,5.0
2024021221,20242025,2,2025-04-05,OFF,SJS,1.0,SEA,5.0
2024021243,20242025,2,2025-04-08,OFF,UTA,7.0,SEA,1.0
2024021258,20242025,2,2025-04-10,OFF,VGK,2.0,SEA,1.0
2024021275,20242025,2,2025-04-12,OFF,SEA,4.0,STL,3.0
2024020019,20242025,2,2024-10-10,OFF,SJS,4.0,STL,5.0
2024020073,20242025,2,2024-10-18,OFF,WPG,8.0,SJS,3.0
2024020134,20242025,2,2024-10-26,OFF,VGK,7.0,SJS,3.0
2024020145,20242025,2,2024-10-28,OFF,UTA,4.0,SJS,5.0
2024020184,20242025,2,2024-11-02,OFF,SJS,2.0,VAN,3.0
2024020312,20242025,2,2024-11-21,OFF,STL,3.0,SJS,2.0
2024020400,20242025,2,2024-12-03,OFF,WSH,1.0,SJS,2.0
2024020413,20242025,2,2024-12-05,OFF,TBL,8.0,SJS,1.0
2024020465,20242025,2,2024-12-12,OFF,STL,3.0,SJS,4.0
2024020487,20242025,2,2024-12-14,OFF,SJS,3.0,UTA,4.0
2024020506,20242025,2,2024-12-17,OFF,SJS,3.0,WPG,4.0
2024020555,20242025,2,2024-12-23,OFF,VAN,4.0,SJS,3.0
2024020565,20242025,2,2024-12-27,OFF,SJS,3.0,VGK,6.0
2024020614,20242025,2,2025-01-02,OFF,SJS,2.0,TBL,1.0
2024020649,20242025,2,2025-01-07,OFF,SJS,2.0,VGK,4.0
2024020668,20242025,2,2025-01-10,OFF,UTA,2.0,SJS,1.0
2024020870,20242025,2,2025-02-06,OFF,SJS,1.0,VAN,2.0
2024020916,20242025,2,2025-02-24,OFF,WPG,2.0,SJS,1.0
2024020971,20242025,2,2025-03-03,OFF,TOR,2.0,SJS,3.0
2024021057,20242025,2,2025-03-15,OFF,SJS,1.0,WSH,5.0
2024021152,20242025,2,2025-03-27,OFF,SJS,6.0,TOR,5.0
2024021290,20242025,2,2025-04-14,OFF,VAN,2.0,SJS,1.0
2024020023,20242025,2,2024-10-11,OFF,VGK,4.0,STL,3.0
2024020099,20242025,2,2024-10-22,OFF,STL,2.0,WPG,3.0
2024020110,20242025,2,2024-10-24,OFF,TOR,1.0,STL,5.0
2024020181,20242025,2,2024-11-02,OFF,STL,4.0,TOR,2.0
2024020199,20242025,2,2024-11-05,OFF,STL,3.0,TBL,2.0
2024020215,20242025,2,2024-11-07,OFF,STL,2.0,UTA,4.0
2024020229,20242025,2,2024-11-09,OFF,STL,1.0,WSH,8.0
2024020403,20242025,2,2024-12-03,OFF,WPG,1.0,STL,4.0
2024020455,20242025,2,2024-12-10,OFF,VAN,3.0,STL,4.0
2024020512,20242025,2,2024-12-19,OFF,TBL,3.0,STL,1.0
2024020734,20242025,2,2025-01-18,OFF,UTA,4.0,STL,2.0
2024020743,20242025,2,2025-01-20,OFF,VGK,4.0,STL,5.0
2024020765,20242025,2,2025-01-23,OFF,STL,2.0,VGK,4.0
2024020796,20242025,2,2025-01-27,OFF,STL,2.0,VAN,5.0
2024020841,20242025,2,2025-02-02,OFF,UTA,1.0,STL,2.0
2024020903,20242025,2,2025-02-22,OFF,STL,3.0,WPG,4.0
2024020939,20242025,2,2025-02-27,OFF,WSH,2.0,STL,5.0
2024021095,20242025,2,2025-03-20,OFF,STL,4.0,VAN,3.0
2024021231,20242025,2,2025-04-07,OFF,WPG,3.0,STL,1.0
2024021297,20242025,2,2025-04-15,OFF,STL,6.0,UTA,1.0
2024020048,20242025,2,2024-10-15,OFF,TBL,4.0,VAN,1.0
2024020064,20242025,2,2024-10-17,OFF,TBL,4.0,VGK,3.0
2024020091,20242025,2,2024-10-21,OFF,TOR,5.0,TBL,2.0
2024020127,20242025,2,2024-10-26,OFF,TBL,3.0,WSH,0.0
2024020186,20242025,2,2024-11-03,OFF,WPG,7.0,TBL,4.0
2024020259,20242025,2,2024-11-14,OFF,TBL,4.0,WPG,1.0
2024020351,20242025,2,2024-11-27,OFF,TBL,4.0,WSH,5.0
2024020378,20242025,2,2024-11-30,OFF,TBL,3.0,TOR,5.0
2024020437,20242025,2,2024-12-08,OFF,VAN,2.0,TBL,4.0
2024020744,20242025,2,2025-01-20,OFF,TOR,5.0,TBL,3.0
2024020950,20242025,2,2025-03-01,OFF,WSH,1.0,TBL,3.0
2024021111,20242025,2,2025-03-22,OFF,UTA,6.0,TBL,4.0
2024021122,20242025,2,2025-03-23,OFF,VGK,4.0,TBL,2.0
2024021145,20242025,2,2025-03-27,OFF,TBL,8.0,UTA,0.0
2024021245,20242025,2,2025-04-09,OFF,TBL,3.0,TOR,4.0
2024020143,20242025,2,2024-10-28,OFF,WPG,4.0,TOR,6.0
2024020253,20242025,2,2024-11-13,OFF,WSH,3.0,TOR,4.0
2024020301,20242025,2,2024-11-20,OFF,TOR,3.0,VGK,0.0
2024020333,20242025,2,2024-11-24,OFF,TOR,3.0,UTA,2.0
2024020419,20242025,2,2024-12-06,OFF,TOR,1.0,WSH,3.0
2024020546,20242025,2,2024-12-23,OFF,TOR,2.0,WPG,5.0
2024020571,20242025,2,2024-12-28,OFF,TOR,2.0,WSH,5.0
2024020672,20242025,2,2025-01-11,OFF,TOR,0.0,VAN,3.0
2024020884,20242025,2,2025-02-08,OFF,VAN,2.0,TOR,1.0
2024020985,20242025,2,2025-03-05,OFF,VGK,5.0,TOR,2.0
2024021024,20242025,2,2025-03-10,OFF,UTA,3.0,TOR,4.0
2024020183,20242025,2,2024-11-02,OFF,VGK,4.0,UTA,3.0
2024020201,20242025,2,2024-11-05,OFF,WPG,3.0,UTA,0.0
2024020270,20242025,2,2024-11-15,OFF,UTA,2.0,VGK,4.0
2024020292,20242025,2,2024-11-18,OFF,UTA,2.0,WSH,6.0
2024020386,20242025,2,2024-11-30,OFF,VGK,0.0,UTA,6.0
2024020510,20242025,2,2024-12-18,OFF,UTA,3.0,VAN,2.0
2024020747,20242025,2,2025-01-20,OFF,UTA,5.0,WPG,2.0
2024020775,20242025,2,2025-01-24,OFF,WPG,5.0,UTA,2.0
2024020890,20242025,2,2025-02-09,OFF,WSH,4.0,UTA,5.0
2024020915,20242025,2,2025-02-23,OFF,UTA,2.0,VAN,1.0
2024021071,20242025,2,2025-03-16,OFF,VAN,1.0,UTA,3.0
2024021219,20242025,2,2025-04-05,OFF,UTA,4.0,WPG,1.0
2024020519,20242025,2,2024-12-19,OFF,VGK,3.0,VAN,1.0
2024020650,20242025,2,2025-01-08,OFF,WSH,2.0,VAN,1.0
2024020702,20242025,2,2025-01-14,OFF,WPG,6.0,VAN,1.0
2024020786,20242025,2,2025-01-25,OFF,VAN,2.0,WSH,1.0
2024020905,20242025,2,2025-02-22,OFF,VGK,3.0,VAN,1.0
2024021086,20242025,2,2025-03-18,OFF,VAN,6.0,WPG,2.0
2024021172,20242025,2,2025-03-30,OFF,WPG,3.0,VAN,1.0
2024021229,20242025,2,2025-04-06,OFF,VAN,2.0,VGK,3.0
2024021305,20242025,2,2025-04-16,OFF,VAN,1.0,VGK,4.0
2024020049,20242025,2,2024-10-15,OFF,WSH,4.0,VGK,2.0
2024020286,20242025,2,2024-11-17,OFF,VGK,2.0,WSH,5.0
2024020374,20242025,2,2024-11-29,OFF,VGK,4.0,WPG,3.0
2024020468,20242025,2,2024-12-12,OFF,WPG,2.0,VGK,3.0
2024021204,20242025,2,2025-04-03,OFF,VGK,0.0,WPG,4.0
2024020831,20242025,2,2025-02-01,OFF,WSH,4.0,WPG,5.0
2024021135,20242025,2,2025-03-25,OFF,WPG,3.0,WSH,2.0
2025020021,20252026,2,2025-10-09,OFF,SEA,3.0,ANA,1.0
2025020036,20252026,2,2025-10-11,OFF,SJS,6.0,ANA,7.0
2025020056,20252026,2,2025-10-14,OFF,ANA,4.0,PIT,3.0
2025020070,20252026,2,2025-10-16,OFF,ANA,1.0,CAR,4.0
2025020091,20252026,2,2025-10-19,OFF,CHI,2.0,ANA,1.0
2025020105,20252026,2,2025-10-21,OFF,NSH,2.0,ANA,5.0
2025020111,20252026,2,2025-10-23,OFF,BOS,5.0,ANA,7.0
2025020129,20252026,2,2025-10-25,OFF,TBL,4.0,ANA,3.0
2025020153,20252026,2,2025-10-28,OFF,FLA,2.0,ANA,3.0
2025020180,20252026,2,2025-10-31,OFF,ANA,5.0,DET,2.0
2025020197,20252026,2,2025-11-02,OFF,ANA,4.0,NJD,1.0
2025020211,20252026,2,2025-11-04,OFF,ANA,7.0,FLA,3.0
2025020224,20252026,2,2025-11-06,OFF,DAL,5.0,ANA,7.0
2025020242,20252026,2,2025-11-08,OFF,VGK,3.0,ANA,4.0
2025020251,20252026,2,2025-11-09,OFF,ANA,4.0,WPG,1.0
2025020262,20252026,2,2025-11-11,OFF,COL,4.0,ANA,1.0
2025020272,20252026,2,2025-11-13,OFF,DET,6.0,ANA,3.0
2025020284,20252026,2,2025-11-15,OFF,MIN,2.0,ANA,0.0
2025020306,20252026,2,2025-11-17,OFF,ANA,3.0,UTA,2.0
2025020318,20252026,2,2025-11-19,OFF,ANA,4.0,BOS,3.0
2025020329,20252026,2,2025-11-20,OFF,ANA,2.0,OTT,3.0
2025020346,20252026,2,2025-11-22,OFF,ANA,4.0,VGK,3.0
2025020374,20252026,2,2025-11-26,OFF,ANA,4.0,VAN,5.0
2025020384,20252026,2,2025-11-28,OFF,ANA,5.0,LAK,4.0
2025020403,20252026,2,2025-11-30,OFF,CHI,5.0,ANA,3.0
2025020409,20252026,2,2025-12-01,OFF,STL,1.0,ANA,4.0
2025020424,20252026,2,2025-12-03,OFF,ANA,0.0,UTA,7.0
2025020440,20252026,2,2025-12-05,OFF,ANA,4.0,WSH,3.0
2025020460,20252026,2,2025-12-07,OFF,ANA,7.0,CHI,1.0
2025020470,20252026,2,2025-12-09,OFF,PIT,3.0,ANA,4.0
2025020482,20252026,2,2025-12-11,OFF,NYI,5.0,ANA,2.0
2025020495,20252026,2,2025-12-13,OFF,NJD,4.0,ANA,1.0
2025020515,20252026,2,2025-12-15,OFF,NYR,1.0,ANA,4.0
2025020525,20252026,2,2025-12-16,OFF,CBJ,4.0,ANA,3.0
2025020548,20252026,2,2025-12-19,OFF,ANA,3.0,DAL,8.0
2025020560,20252026,2,2025-12-20,OFF,ANA,4.0,CBJ,3.0
2025020573,20252026,2,2025-12-22,OFF,ANA,1.0,SEA,3.0
2025020597,20252026,2,2025-12-27,OFF,LAK,6.0,ANA,1.0
2025020615,20252026,2,2025-12-29,OFF,ANA,4.0,SJS,5.0
2025020624,20252026,2,2025-12-31,OFF,ANA,3.0,TBL,4.0
2025020643,20252026,2,2026-01-02,OFF,ANA,2.0,MIN,5.0
2025020663,20252026,2,2026-01-05,OFF,WSH,7.0,ANA,4.0
2025020670,20252026,2,2026-01-06,OFF,PHI,5.0,ANA,2.0
2025020688,20252026,2,2026-01-08,OFF,CAR,5.0,ANA,2.0
2025020701,20252026,2,2026-01-10,OFF,BUF,5.0,ANA,3.0
2025020734,20252026,2,2026-01-13,OFF,ANA,3.0,DAL,1.0
2025020753,20252026,2,2026-01-16,OFF,LAK,2.0,ANA,3.0
2025020766,20252026,2,2026-01-17,OFF,ANA,2.0,LAK,1.0
2025020779,20252026,2,2026-01-19,OFF,ANA,5.0,NYR,3.0
2025020789,20252026,2,2026-01-21,OFF,COL,1.0,ANA,2.0
2025020809,20252026,2,2026-01-23,OFF,SEA,2.0,ANA,4.0
2025020824,20252026,2,2026-01-25,OFF,CGY,3.0,ANA,4.0
2025020829,20252026,2,2026-01-26,OFF,EDM,7.0,ANA,4.0
2025020855,20252026,2,2026-01-29,OFF,VAN,2.0,ANA,0.0
2025020875,20252026,2,2026-02-01,OFF,ANA,4.0,VGK,3.0
2025020892,20252026,2,2026-02-03,OFF,ANA,4.0,SEA,2.0
2025020917,20252026,2,2026-02-25,OFF,ANA,6.0,EDM,5.0
2025020933,20252026,2,2026-02-27,OFF,ANA,5.0,WPG,4.0
2025020952,20252026,2,2026-03-01,OFF,ANA,3.0,CGY,2.0
2025020968,20252026,2,2026-03-03,OFF,ANA,1.0,COL,5.0
2025020973,20252026,2,2026-03-04,OFF,ANA,5.0,NYI,1.0
2025020987,20252026,2,2026-03-06,OFF,ANA,6.0,MTL,5.0
2025021006,20252026,2,2026-03-08,OFF,ANA,0.0,STL,4.0
2025021022,20252026,2,2026-03-10,OFF,WPG,1.0,ANA,4.0
2025021029,20252026,2,2026-03-12,OFF,TOR,6.0,ANA,4.0
2025021043,20252026,2,2026-03-14,OFF,OTT,2.0,ANA,0.0
2025021059,20252026,2,2026-03-15,OFF,MTL,3.0,ANA,4.0
2025021082,20252026,2,2026-03-18,OFF,ANA,2.0,PHI,3.0
2025021098,20252026,2,2026-03-20,OFF,UTA,1.0,ANA,4.0
2025021117,20252026,2,2026-03-22,OFF,ANA,6.0,BUF,5.0
2025021134,20252026,2,2026-03-24,OFF,VAN,3.0,ANA,5.0
2025021147,20252026,2,2026-03-26,OFF,CGY,2.0,ANA,3.0
2025021154,20252026,2,2026-03-28,OFF,EDM,4.0,ANA,2.0
2025021176,20252026,2,2026-03-30,OFF,ANA,4.0,TOR,5.0
2025021190,20252026,2,2026-04-01,OFF,SJS,4.0,ANA,3.0
2025021206,20252026,2,2026-04-03,OFF,ANA,2.0,STL,6.0
2025021219,20252026,2,2026-04-04,OFF,ANA,3.0,CGY,5.0
2025021243,20252026,2,2026-04-07,OFF,ANA,0.0,NSH,5.0
2025021258,20252026,2,2026-04-09,OFF,ANA,6.0,SJS,1.0
2025021280,20252026,2,2026-04-12,OFF,ANA,3.0,VAN,4.0
2025021296,20252026,2,2026-04-14,OFF,MIN,3.0,ANA,2.0
2025021307,20252026,2,2026-04-16,OFF,NSH,4.0,ANA,5.0
2025020005,20252026,2,2025-10-08,OFF,WSH,1.0,BOS,3.0
2025020008,20252026,2,2025-10-09,OFF,BOS,4.0,CHI,3.0
2025020024,20252026,2,2025-10-11,OFF,BOS,3.0,BUF,1.0
2025020040,20252026,2,2025-10-13,OFF,BOS,3.0,TBL,4.0
2025020069,20252026,2,2025-10-16,OFF,VGK,6.0,BOS,5.0
2025020085,20252026,2,2025-10-18,OFF,COL,4.0,BOS,1.0
2025020092,20252026,2,2025-10-19,OFF,UTA,3.0,BOS,2.0
2025020103,20252026,2,2025-10-21,OFF,BOS,3.0,FLA,4.0
2025020128,20252026,2,2025-10-25,OFF,BOS,3.0,COL,2.0
2025020149,20252026,2,2025-10-27,OFF,OTT,7.0,BOS,2.0
2025020154,20252026,2,2025-10-28,OFF,BOS,5.0,NYI,2.0
2025020167,20252026,2,2025-10-30,OFF,BOS,4.0,BUF,3.0
2025020181,20252026,2,2025-11-01,OFF,BOS,2.0,CAR,1.0
2025020205,20252026,2,2025-11-04,OFF,NYI,3.0,BOS,4.0
2025020218,20252026,2,2025-11-06,OFF,BOS,3.0,OTT,2.0
2025020234,20252026,2,2025-11-08,OFF,TOR,3.0,BOS,5.0
2025020256,20252026,2,2025-11-11,OFF,BOS,5.0,TOR,3.0
2025020271,20252026,2,2025-11-13,OFF,OTT,5.0,BOS,3.0
2025020285,20252026,2,2025-11-15,OFF,MTL,2.0,BOS,3.0
2025020301,20252026,2,2025-11-17,OFF,BOS,1.0,CAR,3.0
2025020334,20252026,2,2025-11-21,OFF,LAK,1.0,BOS,2.0
2025020351,20252026,2,2025-11-23,OFF,SJS,3.0,BOS,1.0
2025020365,20252026,2,2025-11-26,OFF,NYI,1.0,BOS,3.0
2025020376,20252026,2,2025-11-28,OFF,BOS,2.0,NYR,6.0
2025020394,20252026,2,2025-11-29,OFF,BOS,3.0,DET,2.0
2025020412,20252026,2,2025-12-02,OFF,DET,5.0,BOS,4.0
2025020426,20252026,2,2025-12-04,OFF,BOS,5.0,STL,2.0
2025020443,20252026,2,2025-12-06,OFF,BOS,4.0,NJD,1.0
2025020472,20252026,2,2025-12-09,OFF,STL,2.0,BOS,5.0
2025020489,20252026,2,2025-12-11,OFF,WPG,3.0,BOS,6.0
2025020511,20252026,2,2025-12-14,OFF,MIN,6.0,BOS,2.0
2025020519,20252026,2,2025-12-16,OFF,BOS,4.0,UTA,1.0
2025020534,20252026,2,2025-12-18,OFF,BOS,1.0,EDM,3.0
2025020555,20252026,2,2025-12-20,OFF,BOS,4.0,VAN,5.0
2025020564,20252026,2,2025-12-21,OFF,BOS,2.0,OTT,6.0
2025020577,20252026,2,2025-12-23,OFF,BOS,2.0,MTL,6.0
2025020589,20252026,2,2025-12-27,OFF,BUF,4.0,BOS,1.0
2025020613,20252026,2,2025-12-29,OFF,CGY,2.0,BOS,1.0
2025020631,20252026,2,2025-12-31,OFF,EDM,2.0,BOS,6.0
2025020656,20252026,2,2026-01-03,OFF,VAN,2.0,BOS,3.0
2025020676,20252026,2,2026-01-06,OFF,SEA,7.0,BOS,4.0
2025020682,20252026,2,2026-01-08,OFF,BOS,4.0,CGY,1.0
2025020697,20252026,2,2026-01-10,OFF,BOS,10.0,NYR,2.0
2025020712,20252026,2,2026-01-11,OFF,BOS,1.0,PIT,0.0
2025020729,20252026,2,2026-01-13,OFF,BOS,3.0,DET,0.0
2025020739,20252026,2,2026-01-15,OFF,BOS,4.0,SEA,2.0
2025020763,20252026,2,2026-01-17,OFF,CHI,2.0,BOS,5.0
2025020783,20252026,2,2026-01-20,OFF,DAL,6.0,BOS,2.0
2025020794,20252026,2,2026-01-22,OFF,BOS,4.0,VGK,3.0
2025020812,20252026,2,2026-01-24,OFF,BOS,4.0,MTL,3.0
2025020826,20252026,2,2026-01-26,OFF,NYR,4.0,BOS,3.0
2025020830,20252026,2,2026-01-27,OFF,BOS,3.0,NSH,2.0
2025020843,20252026,2,2026-01-29,OFF,BOS,6.0,PHI,3.0
2025020873,20252026,2,2026-02-01,OFF,TBL,6.0,BOS,5.0
2025020893,20252026,2,2026-02-04,OFF,FLA,5.0,BOS,4.0
2025020918,20252026,2,2026-02-26,OFF,BOS,4.0,CBJ,2.0
2025020935,20252026,2,2026-02-28,OFF,PHI,3.0,BOS,1.0
2025020959,20252026,2,2026-03-03,OFF,BOS,2.0,PIT,1.0
2025020979,20252026,2,2026-03-05,OFF,NSH,6.0,BOS,3.0
2025020990,20252026,2,2026-03-07,OFF,BOS,3.0,WSH,1.0
2025021002,20252026,2,2026-03-08,OFF,PIT,5.0,BOS,4.0
2025021012,20252026,2,2026-03-10,OFF,BOS,2.0,LAK,1.0
2025021027,20252026,2,2026-03-12,OFF,BOS,2.0,SJS,4.0
2025021044,20252026,2,2026-03-14,OFF,WSH,2.0,BOS,3.0
2025021064,20252026,2,2026-03-16,OFF,NJD,4.0,BOS,3.0
2025021069,20252026,2,2026-03-17,OFF,MTL,3.0,BOS,2.0
2025021083,20252026,2,2026-03-19,OFF,BOS,6.0,WPG,1.0
2025021108,20252026,2,2026-03-21,OFF,DET,2.0,BOS,4.0
2025021120,20252026,2,2026-03-24,OFF,BOS,2.0,TOR,4.0
2025021135,20252026,2,2026-03-25,OFF,BUF,3.0,BOS,4.0
2025021155,20252026,2,2026-03-28,OFF,BOS,6.0,MIN,3.0
2025021170,20252026,2,2026-03-29,OFF,CBJ,3.0,BOS,4.0
2025021178,20252026,2,2026-03-31,OFF,BOS,6.0,DAL,3.0
2025021193,20252026,2,2026-04-02,OFF,FLA,2.0,BOS,1.0
2025021210,20252026,2,2026-04-04,OFF,TBL,3.0,BOS,1.0
2025021224,20252026,2,2026-04-05,OFF,PHI,2.0,BOS,1.0
2025021237,20252026,2,2026-04-07,OFF,CAR,6.0,BOS,5.0
2025021261,20252026,2,2026-04-11,OFF,BOS,1.0,TBL,2.0
2025021278,20252026,2,2026-04-12,OFF,CBJ,2.0,BOS,3.0
2025021292,20252026,2,2026-04-14,OFF,BOS,4.0,NJD,0.0
2025020009,20252026,2,2025-10-09,OFF,BUF,0.0,NYR,4.0
2025020039,20252026,2,2025-10-13,OFF,BUF,1.0,COL,3.0
2025020057,20252026,2,2025-10-15,OFF,BUF,8.0,OTT,4.0
2025020076,20252026,2,2025-10-18,OFF,BUF,3.0,FLA,0.0
2025020095,20252026,2,2025-10-20,OFF,MTL,4.0,BUF,2.0
2025020109,20252026,2,2025-10-22,OFF,BUF,4.0,DET,2.0
2025020123,20252026,2,2025-10-24,OFF,BUF,5.0,TOR,3.0
2025020132,20252026,2,2025-10-25,OFF,TOR,4.0,BUF,3.0
2025020152,20252026,2,2025-10-28,OFF,BUF,3.0,CBJ,4.0
2025020186,20252026,2,2025-11-01,OFF,BUF,4.0,WSH,3.0
2025020203,20252026,2,2025-11-04,OFF,BUF,1.0,UTA,2.0
2025020219,20252026,2,2025-11-06,OFF,BUF,0.0,STL,3.0
2025020238,20252026,2,2025-11-08,OFF,CAR,6.0,BUF,3.0
2025020267,20252026,2,2025-11-12,OFF,UTA,5.0,BUF,2.0
2025020275,20252026,2,2025-11-13,OFF,COL,6.0,BUF,3.0
2025020287,20252026,2,2025-11-15,OFF,DET,4.0,BUF,5.0
2025020302,20252026,2,2025-11-17,OFF,BUF,5.0,EDM,1.0
2025020316,20252026,2,2025-11-19,OFF,BUF,2.0,CGY,6.0
2025020331,20252026,2,2025-11-21,OFF,BUF,9.0,CHI,3.0
2025020347,20252026,2,2025-11-23,OFF,BUF,4.0,CAR,1.0
2025020366,20252026,2,2025-11-26,OFF,PIT,4.0,BUF,2.0
2025020379,20252026,2,2025-11-28,OFF,BUF,0.0,NJD,5.0
2025020399,20252026,2,2025-11-29,OFF,MIN,2.0,BUF,3.0
2025020408,20252026,2,2025-12-01,OFF,BUF,5.0,WPG,1.0
2025020423,20252026,2,2025-12-03,OFF,PHI,5.0,BUF,2.0
2025020437,20252026,2,2025-12-05,OFF,WPG,4.0,BUF,1.0
2025020463,20252026,2,2025-12-08,OFF,CGY,7.0,BUF,4.0
2025020474,20252026,2,2025-12-09,OFF,EDM,3.0,BUF,4.0
2025020492,20252026,2,2025-12-11,OFF,VAN,2.0,BUF,3.0
2025020513,20252026,2,2025-12-14,OFF,SEA,1.0,BUF,3.0
2025020535,20252026,2,2025-12-18,OFF,BUF,5.0,PHI,3.0
2025020553,20252026,2,2025-12-20,OFF,BUF,3.0,NYI,2.0
2025020565,20252026,2,2025-12-21,OFF,NJD,1.0,BUF,3.0
2025020578,20252026,2,2025-12-23,OFF,OTT,2.0,BUF,3.0
2025020610,20252026,2,2025-12-29,OFF,STL,2.0,BUF,4.0
2025020628,20252026,2,2025-12-31,OFF,DAL,1.0,BUF,4.0
2025020646,20252026,2,2026-01-03,OFF,CBJ,5.0,BUF,1.0
2025020667,20252026,2,2026-01-06,OFF,BUF,5.0,VAN,3.0
2025020685,20252026,2,2026-01-08,OFF,NYR,2.0,BUF,5.0
2025020716,20252026,2,2026-01-12,OFF,BUF,3.0,FLA,4.0
2025020736,20252026,2,2026-01-14,OFF,BUF,5.0,PHI,2.0
2025020740,20252026,2,2026-01-15,OFF,BUF,5.0,MTL,3.0
2025020754,20252026,2,2026-01-17,OFF,BUF,4.0,MIN,5.0
2025020770,20252026,2,2026-01-19,OFF,CAR,2.0,BUF,1.0
2025020784,20252026,2,2026-01-20,OFF,NSH,3.0,BUF,5.0
2025020795,20252026,2,2026-01-22,OFF,MTL,2.0,BUF,4.0
2025020810,20252026,2,2026-01-24,OFF,NYI,0.0,BUF,5.0
2025020831,20252026,2,2026-01-27,OFF,TOR,4.0,BUF,7.0
2025020844,20252026,2,2026-01-29,OFF,BUF,4.0,LAK,1.0
2025020865,20252026,2,2026-01-31,OFF,BUF,2.0,MTL,4.0
2025020876,20252026,2,2026-02-02,OFF,FLA,3.0,BUF,5.0
2025020886,20252026,2,2026-02-03,OFF,TBL,4.0,BUF,3.0
2025020903,20252026,2,2026-02-05,OFF,BUF,2.0,PIT,5.0
2025020910,20252026,2,2026-02-25,OFF,NJD,1.0,BUF,2.0
2025020930,20252026,2,2026-02-27,OFF,FLA,2.0,BUF,3.0
2025020941,20252026,2,2026-02-28,OFF,TBL,2.0,BUF,6.0
2025020960,20252026,2,2026-03-03,OFF,BUF,3.0,VGK,2.0
2025020977,20252026,2,2026-03-05,OFF,PIT,1.0,BUF,5.0
2025020992,20252026,2,2026-03-07,OFF,BUF,3.0,NSH,2.0
2025021003,20252026,2,2026-03-08,OFF,BUF,8.0,TBL,7.0
2025021013,20252026,2,2026-03-10,OFF,BUF,6.0,SJS,3.0
2025021028,20252026,2,2026-03-12,OFF,BUF,1.0,WSH,2.0
2025021047,20252026,2,2026-03-14,OFF,BUF,3.0,TOR,2.0
2025021075,20252026,2,2026-03-17,OFF,VGK,0.0,BUF,2.0
2025021092,20252026,2,2026-03-19,OFF,SJS,0.0,BUF,5.0
2025021102,20252026,2,2026-03-21,OFF,LAK,1.0,BUF,4.0
2025021150,20252026,2,2026-03-27,OFF,BUF,2.0,DET,5.0
2025021159,20252026,2,2026-03-28,OFF,BUF,3.0,SEA,2.0
2025021179,20252026,2,2026-03-31,OFF,BUF,4.0,NYI,3.0
2025021191,20252026,2,2026-04-02,OFF,OTT,4.0,BUF,1.0
2025021213,20252026,2,2026-04-04,OFF,WSH,6.0,BUF,2.0
2025021229,20252026,2,2026-04-06,OFF,BUF,4.0,TBL,2.0
2025021244,20252026,2,2026-04-08,OFF,NYR,3.0,BUF,5.0
2025021247,20252026,2,2026-04-09,OFF,BUF,5.0,CBJ,0.0
2025021288,20252026,2,2026-04-13,OFF,CHI,1.0,BUF,5.0
2025021301,20252026,2,2026-04-15,OFF,BUF,3.0,DAL,4.0
2025020014,20252026,2,2025-10-09,OFF,CAR,6.0,NJD,3.0
2025020030,20252026,2,2025-10-11,OFF,CAR,4.0,PHI,3.0
2025020055,20252026,2,2025-10-14,OFF,SJS,1.0,CAR,5.0
2025020086,20252026,2,2025-10-18,OFF,LAK,3.0,CAR,4.0
2025020097,20252026,2,2025-10-20,OFF,VGK,4.0,CAR,1.0
2025020121,20252026,2,2025-10-23,OFF,COL,4.0,CAR,5.0
2025020138,20252026,2,2025-10-25,OFF,DAL,3.0,CAR,2.0
2025020155,20252026,2,2025-10-28,OFF,CAR,3.0,VGK,6.0
2025020171,20252026,2,2025-10-30,OFF,CAR,6.0,NYI,2.0
2025020206,20252026,2,2025-11-04,OFF,NYR,0.0,CAR,3.0
2025020222,20252026,2,2025-11-06,OFF,CAR,4.0,MIN,3.0
2025020246,20252026,2,2025-11-09,OFF,TOR,4.0,CAR,5.0
2025020259,20252026,2,2025-11-11,OFF,CAR,1.0,WSH,4.0
2025020279,20252026,2,2025-11-14,OFF,CAR,4.0,VAN,3.0
2025020289,20252026,2,2025-11-15,OFF,CAR,3.0,EDM,4.0
2025020317,20252026,2,2025-11-19,OFF,MIN,4.0,CAR,3.0
2025020333,20252026,2,2025-11-21,OFF,WPG,3.0,CAR,4.0
2025020368,20252026,2,2025-11-26,OFF,CAR,2.0,NYR,4.0
2025020387,20252026,2,2025-11-28,OFF,CAR,5.0,WPG,1.0
2025020404,20252026,2,2025-11-30,OFF,CAR,1.0,CGY,0.0
2025020431,20252026,2,2025-12-04,OFF,CAR,1.0,TOR,5.0
2025020447,20252026,2,2025-12-06,OFF,CAR,6.0,NSH,3.0
2025020455,20252026,2,2025-12-07,OFF,CAR,1.0,SJS,4.0
2025020471,20252026,2,2025-12-09,OFF,CAR,4.0,CBJ,1.0
2025020485,20252026,2,2025-12-11,OFF,WSH,2.0,CAR,3.0
2025020501,20252026,2,2025-12-13,OFF,PHI,3.0,CAR,4.0
2025020510,20252026,2,2025-12-14,OFF,CAR,3.0,PHI,2.0
2025020532,20252026,2,2025-12-17,OFF,NSH,1.0,CAR,4.0
2025020544,20252026,2,2025-12-19,OFF,FLA,4.0,CAR,3.0
2025020557,20252026,2,2025-12-20,OFF,TBL,6.0,CAR,4.0
2025020581,20252026,2,2025-12-23,OFF,CAR,2.0,FLA,5.0
2025020593,20252026,2,2025-12-27,OFF,CAR,5.0,DET,2.0
2025020608,20252026,2,2025-12-29,OFF,CAR,3.0,NYR,2.0
2025020619,20252026,2,2025-12-30,OFF,PIT,5.0,CAR,1.0
2025020636,20252026,2,2026-01-01,OFF,CAR,5.0,MTL,7.0
2025020653,20252026,2,2026-01-03,OFF,CAR,3.0,COL,5.0
2025020660,20252026,2,2026-01-04,OFF,NJD,1.0,CAR,3.0
2025020671,20252026,2,2026-01-06,OFF,CAR,6.0,DAL,3.0
2025020706,20252026,2,2026-01-10,OFF,CAR,3.0,SEA,2.0
2025020717,20252026,2,2026-01-12,OFF,DET,4.0,CAR,3.0
2025020730,20252026,2,2026-01-13,OFF,STL,3.0,CAR,0.0
2025020750,20252026,2,2026-01-16,OFF,CAR,9.0,FLA,1.0
2025020759,20252026,2,2026-01-17,OFF,NJD,1.0,CAR,4.0
2025020796,20252026,2,2026-01-22,OFF,CAR,3.0,CHI,4.0
2025020813,20252026,2,2026-01-24,OFF,OTT,1.0,CAR,4.0
2025020851,20252026,2,2026-01-29,OFF,CAR,5.0,UTA,4.0
2025020864,20252026,2,2026-01-31,OFF,WSH,4.0,CAR,3.0
2025020874,20252026,2,2026-02-01,OFF,CAR,3.0,LAK,2.0
2025020890,20252026,2,2026-02-03,OFF,CAR,4.0,OTT,3.0
2025020906,20252026,2,2026-02-05,OFF,NYR,0.0,CAR,2.0
2025020923,20252026,2,2026-02-26,OFF,CAR,5.0,TBL,4.0
2025020942,20252026,2,2026-02-28,OFF,CAR,5.0,DET,2.0
2025020957,20252026,2,2026-03-02,OFF,SEA,2.0,CAR,1.0
2025020972,20252026,2,2026-03-04,OFF,VAN,4.0,CAR,6.0
2025020986,20252026,2,2026-03-06,OFF,EDM,3.0,CAR,6.0
2025020998,20252026,2,2026-03-07,OFF,CGY,5.0,CAR,4.0
2025021018,20252026,2,2026-03-10,OFF,CAR,5.0,PIT,4.0
2025021033,20252026,2,2026-03-12,OFF,CAR,1.0,STL,3.0
2025021049,20252026,2,2026-03-14,OFF,TBL,2.0,CAR,4.0
2025021070,20252026,2,2026-03-17,OFF,CBJ,5.0,CAR,1.0
2025021078,20252026,2,2026-03-18,OFF,CAR,6.0,PIT,5.0
2025021094,20252026,2,2026-03-20,OFF,TOR,3.0,CAR,4.0
2025021112,20252026,2,2026-03-22,OFF,PIT,1.0,CAR,5.0
2025021121,20252026,2,2026-03-24,OFF,MTL,5.0,CAR,2.0
2025021157,20252026,2,2026-03-28,OFF,CAR,5.0,NJD,2.0
2025021169,20252026,2,2026-03-29,OFF,CAR,1.0,MTL,3.0
2025021185,20252026,2,2026-03-31,OFF,CBJ,2.0,CAR,5.0
2025021197,20252026,2,2026-04-02,OFF,CAR,5.0,CBJ,1.0
2025021214,20252026,2,2026-04-04,OFF,CAR,4.0,NYI,3.0
2025021225,20252026,2,2026-04-05,OFF,OTT,6.0,CAR,3.0
2025021255,20252026,2,2026-04-09,OFF,CHI,2.0,CAR,7.0
2025021269,20252026,2,2026-04-11,OFF,UTA,1.0,CAR,4.0
2025021284,20252026,2,2026-04-13,OFF,PHI,3.0,CAR,2.0
2025021293,20252026,2,2026-04-14,OFF,NYI,1.0,CAR,2.0
2025020016,20252026,2,2025-10-09,OFF,NSH,2.0,CBJ,1.0
2025020033,20252026,2,2025-10-11,OFF,MIN,4.0,CBJ,7.0
2025020045,20252026,2,2025-10-13,OFF,CBJ,2.0,NJD,3.0
2025020067,20252026,2,2025-10-16,OFF,CBJ,1.0,COL,4.0
2025020082,20252026,2,2025-10-18,OFF,CBJ,3.0,TBL,2.0
2025020106,20252026,2,2025-10-21,OFF,DAL,1.0,CBJ,5.0
2025020125,20252026,2,2025-10-24,OFF,CBJ,1.0,WSH,5.0
2025020134,20252026,2,2025-10-25,OFF,PIT,4.0,CBJ,5.0
2025020166,20252026,2,2025-10-29,OFF,CBJ,6.0,TOR,3.0
2025020189,20252026,2,2025-11-01,OFF,CBJ,3.0,STL,2.0
2025020195,20252026,2,2025-11-02,OFF,NYI,3.0,CBJ,2.0
2025020215,20252026,2,2025-11-05,OFF,CGY,5.0,CBJ,1.0
2025020241,20252026,2,2025-11-08,OFF,VAN,4.0,CBJ,3.0
2025020254,20252026,2,2025-11-10,OFF,EDM,5.0,CBJ,4.0
2025020264,20252026,2,2025-11-11,OFF,SEA,1.0,CBJ,2.0
2025020274,20252026,2,2025-11-13,OFF,CBJ,5.0,EDM,4.0
2025020290,20252026,2,2025-11-15,OFF,CBJ,1.0,NYR,2.0
2025020305,20252026,2,2025-11-17,OFF,CBJ,4.0,MTL,3.0
2025020311,20252026,2,2025-11-18,OFF,WPG,5.0,CBJ,2.0
2025020319,20252026,2,2025-11-20,OFF,TOR,2.0,CBJ,3.0
2025020335,20252026,2,2025-11-22,OFF,DET,4.0,CBJ,3.0
2025020356,20252026,2,2025-11-24,OFF,WSH,5.0,CBJ,1.0
2025020369,20252026,2,2025-11-26,OFF,CBJ,1.0,TOR,2.0
2025020388,20252026,2,2025-11-28,OFF,CBJ,3.0,PIT,4.0
2025020406,20252026,2,2025-12-01,OFF,NJD,3.0,CBJ,5.0
2025020432,20252026,2,2025-12-04,OFF,CBJ,6.0,DET,5.0
2025020442,20252026,2,2025-12-06,OFF,FLA,7.0,CBJ,6.0
2025020459,20252026,2,2025-12-07,OFF,WSH,2.0,CBJ,0.0
2025020486,20252026,2,2025-12-11,OFF,CBJ,3.0,OTT,6.0
2025020502,20252026,2,2025-12-13,OFF,CBJ,2.0,VGK,3.0
2025020540,20252026,2,2025-12-18,OFF,CBJ,2.0,MIN,5.0
2025020574,20252026,2,2025-12-22,OFF,LAK,1.0,CBJ,3.0
2025020603,20252026,2,2025-12-28,OFF,CBJ,4.0,NYI,2.0
2025020606,20252026,2,2025-12-29,OFF,OTT,1.0,CBJ,4.0
2025020627,20252026,2,2025-12-31,OFF,CBJ,2.0,NJD,3.0
2025020658,20252026,2,2026-01-04,OFF,CBJ,4.0,PIT,5.0
2025020675,20252026,2,2026-01-06,OFF,SJS,5.0,CBJ,2.0
2025020692,20252026,2,2026-01-08,OFF,VGK,5.0,CBJ,3.0
2025020699,20252026,2,2026-01-10,OFF,COL,4.0,CBJ,0.0
2025020714,20252026,2,2026-01-11,OFF,UTA,2.0,CBJ,3.0
2025020728,20252026,2,2026-01-13,OFF,CBJ,5.0,CGY,3.0
2025020743,20252026,2,2026-01-15,OFF,CBJ,4.0,VAN,1.0
2025020760,20252026,2,2026-01-17,OFF,PIT,3.0,CBJ,4.0
2025020782,20252026,2,2026-01-20,OFF,CBJ,1.0,OTT,4.0
2025020797,20252026,2,2026-01-22,OFF,CBJ,1.0,DAL,0.0
2025020814,20252026,2,2026-01-24,OFF,CBJ,8.0,TBL,5.0
2025020840,20252026,2,2026-01-28,OFF,CBJ,5.0,PHI,3.0
2025020858,20252026,2,2026-01-30,OFF,CHI,2.0,CBJ,4.0
2025020868,20252026,2,2026-01-31,OFF,STL,3.0,CBJ,5.0
2025020887,20252026,2,2026-02-03,OFF,NJD,0.0,CBJ,3.0
2025020894,20252026,2,2026-02-04,OFF,CBJ,4.0,CHI,0.0
2025020937,20252026,2,2026-02-28,OFF,CBJ,3.0,NYI,4.0
2025020953,20252026,2,2026-03-02,OFF,NYR,4.0,CBJ,5.0
2025020963,20252026,2,2026-03-03,OFF,CBJ,3.0,NSH,2.0
2025020978,20252026,2,2026-03-05,OFF,CBJ,4.0,FLA,2.0
2025020995,20252026,2,2026-03-07,OFF,CBJ,4.0,UTA,5.0
2025020828,20252026,2,2026-03-09,OFF,CBJ,4.0,LAK,5.0
2025021015,20252026,2,2026-03-10,OFF,TBL,2.0,CBJ,5.0
2025021031,20252026,2,2026-03-12,OFF,FLA,2.0,CBJ,1.0
2025021052,20252026,2,2026-03-14,OFF,PHI,1.0,CBJ,2.0
2025021086,20252026,2,2026-03-19,OFF,CBJ,6.0,NYR,3.0
2025021104,20252026,2,2026-03-21,OFF,CBJ,5.0,SEA,2.0
2025021114,20252026,2,2026-03-22,OFF,NYI,1.0,CBJ,0.0
2025021125,20252026,2,2026-03-24,OFF,PHI,2.0,CBJ,3.0
2025021137,20252026,2,2026-03-26,OFF,MTL,2.0,CBJ,1.0
2025021158,20252026,2,2026-03-28,OFF,CBJ,2.0,SJS,3.0
2025021215,20252026,2,2026-04-04,OFF,CBJ,1.0,WPG,2.0
2025021235,20252026,2,2026-04-07,OFF,DET,3.0,CBJ,4.0
2025021271,20252026,2,2026-04-11,OFF,MTL,2.0,CBJ,5.0
2025021295,20252026,2,2026-04-14,OFF,CBJ,1.0,WSH,2.0
2025020006,20252026,2,2025-10-08,OFF,EDM,3.0,CGY,4.0
2025020019,20252026,2,2025-10-09,OFF,VAN,5.0,CGY,1.0
2025020023,20252026,2,2025-10-11,OFF,CGY,2.0,STL,4.0
2025020053,20252026,2,2025-10-14,OFF,CGY,2.0,VGK,4.0
2025020060,20252026,2,2025-10-15,OFF,UTA,3.0,CGY,1.0
2025020087,20252026,2,2025-10-18,OFF,VGK,6.0,CGY,1.0
2025020096,20252026,2,2025-10-20,OFF,CGY,1.0,WPG,2.0
2025020110,20252026,2,2025-10-22,OFF,CGY,1.0,MTL,2.0
2025020126,20252026,2,2025-10-24,OFF,WPG,5.0,CGY,3.0
2025020146,20252026,2,2025-10-26,OFF,CGY,5.0,NYR,1.0
2025020151,20252026,2,2025-10-28,OFF,TOR,4.0,CGY,3.0
2025020168,20252026,2,2025-10-30,OFF,OTT,4.0,CGY,3.0
2025020183,20252026,2,2025-11-01,OFF,NSH,4.0,CGY,2.0
2025020196,20252026,2,2025-11-02,OFF,PHI,1.0,CGY,2.0
2025020229,20252026,2,2025-11-07,OFF,CGY,0.0,CHI,4.0
2025020249,20252026,2,2025-11-09,OFF,MIN,2.0,CGY,0.0
2025020260,20252026,2,2025-11-11,OFF,STL,3.0,CGY,2.0
2025020276,20252026,2,2025-11-13,OFF,CGY,2.0,SJS,0.0
2025020294,20252026,2,2025-11-15,OFF,CGY,3.0,WPG,4.0
2025020312,20252026,2,2025-11-18,OFF,CHI,5.0,CGY,2.0
2025020345,20252026,2,2025-11-22,OFF,CGY,3.0,DAL,2.0
2025020352,20252026,2,2025-11-23,OFF,VAN,2.0,CGY,5.0
2025020362,20252026,2,2025-11-26,OFF,TBL,5.0,CGY,1.0
2025020380,20252026,2,2025-11-28,OFF,FLA,3.0,CGY,5.0
2025020416,20252026,2,2025-12-02,OFF,NSH,5.0,CGY,1.0
2025020433,20252026,2,2025-12-04,OFF,CGY,4.0,MIN,1.0
2025020448,20252026,2,2025-12-06,OFF,CGY,2.0,UTA,0.0
2025020477,20252026,2,2025-12-10,OFF,CGY,3.0,DET,4.0
2025020507,20252026,2,2025-12-13,OFF,LAK,1.0,CGY,2.0
2025020527,20252026,2,2025-12-16,OFF,SJS,6.0,CGY,3.0
2025020542,20252026,2,2025-12-18,OFF,CGY,4.0,SEA,2.0
2025020559,20252026,2,2025-12-20,OFF,CGY,6.0,VGK,3.0
2025020585,20252026,2,2025-12-23,OFF,EDM,5.0,CGY,1.0
2025020598,20252026,2,2025-12-27,OFF,CGY,3.0,EDM,2.0
2025020630,20252026,2,2025-12-31,OFF,CGY,5.0,PHI,1.0
2025020654,20252026,2,2026-01-03,OFF,CGY,3.0,NSH,4.0
2025020665,20252026,2,2026-01-05,OFF,CGY,1.0,SEA,5.0
2025020678,20252026,2,2026-01-07,OFF,MTL,4.0,CGY,1.0
2025020698,20252026,2,2026-01-10,OFF,PIT,1.0,CGY,2.0
2025020745,20252026,2,2026-01-15,OFF,CHI,1.0,CGY,3.0
2025020756,20252026,2,2026-01-17,OFF,CGY,4.0,NYI,2.0
2025020777,20252026,2,2026-01-19,OFF,CGY,1.0,NJD,2.0
2025020791,20252026,2,2026-01-21,OFF,CGY,1.0,PIT,4.0
2025020806,20252026,2,2026-01-23,OFF,CGY,1.0,WSH,3.0
2025020853,20252026,2,2026-01-29,OFF,MIN,4.0,CGY,1.0
2025020863,20252026,2,2026-01-31,OFF,CGY,3.0,SJS,2.0
2025020885,20252026,2,2026-02-02,OFF,CGY,2.0,TOR,4.0
2025020900,20252026,2,2026-02-04,OFF,CGY,4.0,EDM,3.0
2025020928,20252026,2,2026-02-26,OFF,SJS,1.0,CGY,4.0
2025020944,20252026,2,2026-02-28,OFF,LAK,2.0,CGY,0.0
2025020965,20252026,2,2026-03-03,OFF,CGY,1.0,DAL,6.0
2025020981,20252026,2,2026-03-05,OFF,CGY,1.0,OTT,4.0
2025021009,20252026,2,2026-03-09,OFF,WSH,7.0,CGY,3.0
2025021017,20252026,2,2026-03-10,OFF,NYR,4.0,CGY,0.0
2025021032,20252026,2,2026-03-12,OFF,NJD,4.0,CGY,5.0
2025021051,20252026,2,2026-03-14,OFF,NYI,3.0,CGY,2.0
2025021063,20252026,2,2026-03-16,OFF,DET,5.0,CGY,2.0
2025021081,20252026,2,2026-03-18,OFF,CGY,2.0,STL,1.0
2025021097,20252026,2,2026-03-20,OFF,CGY,4.0,FLA,1.0
2025021116,20252026,2,2026-03-22,OFF,CGY,4.0,TBL,3.0
2025021133,20252026,2,2026-03-24,OFF,CGY,3.0,LAK,2.0
2025021165,20252026,2,2026-03-28,OFF,CGY,7.0,VAN,3.0
2025021174,20252026,2,2026-03-30,OFF,COL,9.0,CGY,2.0
2025021201,20252026,2,2026-04-02,OFF,VGK,6.0,CGY,3.0
2025021239,20252026,2,2026-04-07,OFF,DAL,4.0,CGY,3.0
2025021256,20252026,2,2026-04-09,OFF,COL,3.0,CGY,1.0
2025021273,20252026,2,2026-04-11,OFF,SEA,4.0,CGY,1.0
2025021281,20252026,2,2026-04-12,OFF,CGY,4.0,UTA,1.0
2025021298,20252026,2,2026-04-14,OFF,CGY,1.0,COL,3.0
2025021310,20252026,2,2026-04-16,OFF,CGY,3.0,LAK,1.0
2025020001,20252026,2,2025-10-07,OFF,FLA,3.0,CHI,2.0
2025020031,20252026,2,2025-10-11,OFF,CHI,2.0,MTL,3.0
2025020048,20252026,2,2025-10-13,OFF,CHI,3.0,UTA,1.0
2025020059,20252026,2,2025-10-15,OFF,STL,3.0,CHI,8.0
2025020074,20252026,2,2025-10-17,OFF,CHI,2.0,VAN,3.0
2025020113,20252026,2,2025-10-23,OFF,TBL,2.0,CHI,3.0
2025020144,20252026,2,2025-10-26,OFF,CHI,1.0,LAK,3.0
2025020160,20252026,2,2025-10-28,OFF,CHI,7.0,OTT,3.0
2025020174,20252026,2,2025-10-30,OFF,WPG,6.0,CHI,3.0
2025020192,20252026,2,2025-11-01,OFF,EDM,3.0,CHI,2.0
2025020202,20252026,2,2025-11-03,OFF,SEA,3.0,CHI,1.0
2025020216,20252026,2,2025-11-05,OFF,VAN,2.0,CHI,5.0
2025020244,20252026,2,2025-11-09,OFF,DET,1.0,CHI,5.0
2025020268,20252026,2,2025-11-12,OFF,CHI,3.0,NJD,4.0
2025020291,20252026,2,2025-11-15,OFF,CHI,3.0,TOR,2.0
2025020325,20252026,2,2025-11-20,OFF,CHI,2.0,SEA,3.0
2025020350,20252026,2,2025-11-23,OFF,CHI,0.0,COL,1.0
2025020370,20252026,2,2025-11-26,OFF,CHI,3.0,MIN,4.0
2025020389,20252026,2,2025-11-28,OFF,CHI,3.0,NSH,4.0
2025020419,20252026,2,2025-12-02,OFF,VGK,4.0,CHI,3.0
2025020435,20252026,2,2025-12-04,OFF,LAK,1.0,CHI,2.0
2025020449,20252026,2,2025-12-06,OFF,LAK,6.0,CHI,0.0
2025020476,20252026,2,2025-12-10,OFF,CHI,3.0,NYR,0.0
2025020493,20252026,2,2025-12-12,OFF,STL,3.0,CHI,2.0
2025020504,20252026,2,2025-12-13,OFF,CHI,0.0,DET,4.0
2025020520,20252026,2,2025-12-16,OFF,TOR,3.0,CHI,2.0
2025020536,20252026,2,2025-12-18,OFF,MTL,4.0,CHI,1.0
2025020551,20252026,2,2025-12-20,OFF,OTT,6.0,CHI,4.0
2025020583,20252026,2,2025-12-23,OFF,CHI,1.0,PHI,3.0
2025020596,20252026,2,2025-12-27,OFF,DAL,3.0,CHI,4.0
2025020604,20252026,2,2025-12-28,OFF,CHI,3.0,PIT,7.0
2025020620,20252026,2,2025-12-30,OFF,CHI,2.0,NYI,3.0
2025020637,20252026,2,2026-01-01,OFF,CHI,4.0,DAL,3.0
2025020652,20252026,2,2026-01-03,OFF,WSH,2.0,CHI,3.0
2025020661,20252026,2,2026-01-04,OFF,CHI,3.0,VGK,2.0
2025020679,20252026,2,2026-01-07,OFF,CHI,7.0,STL,3.0
2025020694,20252026,2,2026-01-09,OFF,CHI,1.0,WSH,5.0
2025020707,20252026,2,2026-01-10,OFF,NSH,0.0,CHI,3.0
2025020722,20252026,2,2026-01-12,OFF,CHI,1.0,EDM,4.0
2025020776,20252026,2,2026-01-19,OFF,CHI,2.0,WPG,0.0
2025020803,20252026,2,2026-01-23,OFF,CHI,1.0,TBL,2.0
2025020823,20252026,2,2026-01-25,OFF,CHI,1.0,FLA,5.0
2025020837,20252026,2,2026-01-27,OFF,MIN,4.0,CHI,3.0
2025020850,20252026,2,2026-01-29,OFF,PIT,6.0,CHI,2.0
2025020881,20252026,2,2026-02-02,OFF,CHI,6.0,SJS,3.0
2025020926,20252026,2,2026-02-26,OFF,NSH,4.0,CHI,2.0
2025020938,20252026,2,2026-02-28,OFF,COL,3.0,CHI,1.0
2025020949,20252026,2,2026-03-01,OFF,UTA,0.0,CHI,4.0
2025020964,20252026,2,2026-03-03,OFF,WPG,3.0,CHI,2.0
2025020985,20252026,2,2026-03-06,OFF,CHI,3.0,VAN,6.0
2025021004,20252026,2,2026-03-08,OFF,DAL,4.0,CHI,3.0
2025021010,20252026,2,2026-03-09,OFF,CHI,3.0,UTA,2.0
2025021037,20252026,2,2026-03-12,OFF,UTA,2.0,CHI,3.0
2025021056,20252026,2,2026-03-14,OFF,VGK,4.0,CHI,0.0
2025021072,20252026,2,2026-03-17,OFF,CHI,3.0,MIN,4.0
2025021088,20252026,2,2026-03-19,OFF,MIN,1.0,CHI,2.0
2025021096,20252026,2,2026-03-20,OFF,CHI,1.0,COL,4.0
2025021113,20252026,2,2026-03-22,OFF,CHI,2.0,NSH,3.0
2025021124,20252026,2,2026-03-24,OFF,NYI,3.0,CHI,4.0
2025021142,20252026,2,2026-03-26,OFF,PHI,5.0,CHI,1.0
2025021151,20252026,2,2026-03-27,OFF,NYR,6.0,CHI,1.0
2025021171,20252026,2,2026-03-29,OFF,NJD,5.0,CHI,3.0
2025021186,20252026,2,2026-03-31,OFF,CHI,3.0,WPG,4.0
2025021200,20252026,2,2026-04-02,OFF,EDM,3.0,CHI,1.0
2025021221,20252026,2,2026-04-04,OFF,SEA,2.0,CHI,4.0
2025021231,20252026,2,2026-04-06,OFF,SJS,3.0,CHI,2.0
2025021266,20252026,2,2026-04-11,OFF,CHI,3.0,STL,5.0
2025021305,20252026,2,2026-04-15,OFF,CHI,5.0,SJS,2.0
2025020003,20252026,2,2025-10-07,OFF,LAK,1.0,COL,4.0
2025020018,20252026,2,2025-10-09,OFF,COL,2.0,UTA,1.0
2025020034,20252026,2,2025-10-11,OFF,COL,4.0,DAL,5.0
2025020107,20252026,2,2025-10-21,OFF,UTA,4.0,COL,3.0
2025020140,20252026,2,2025-10-26,OFF,NJD,4.0,COL,3.0
2025020161,20252026,2,2025-10-28,OFF,COL,8.0,NJD,4.0
2025020178,20252026,2,2025-10-31,OFF,VGK,2.0,COL,4.0
2025020184,20252026,2,2025-11-01,OFF,SJS,3.0,COL,2.0
2025020209,20252026,2,2025-11-04,OFF,COL,3.0,TBL,2.0
2025020240,20252026,2,2025-11-08,OFF,EDM,1.0,COL,9.0
2025020250,20252026,2,2025-11-09,OFF,VAN,4.0,COL,5.0
2025020300,20252026,2,2025-11-16,OFF,COL,4.0,NYI,1.0
2025020326,20252026,2,2025-11-20,OFF,COL,6.0,NYR,3.0
2025020343,20252026,2,2025-11-22,OFF,NSH,0.0,COL,3.0
2025020371,20252026,2,2025-11-26,OFF,COL,6.0,SJS,0.0
2025020378,20252026,2,2025-11-28,OFF,MIN,3.0,COL,2.0
2025020392,20252026,2,2025-11-29,OFF,COL,7.0,MTL,2.0
2025020417,20252026,2,2025-12-02,OFF,COL,3.0,VAN,1.0
2025020430,20252026,2,2025-12-04,OFF,NYI,6.0,COL,3.0
2025020441,20252026,2,2025-12-06,OFF,NYR,2.0,COL,3.0
2025020453,20252026,2,2025-12-07,OFF,PHI,2.0,COL,3.0
2025020475,20252026,2,2025-12-09,OFF,NSH,4.0,COL,3.0
2025020490,20252026,2,2025-12-11,OFF,COL,6.0,FLA,2.0
2025020506,20252026,2,2025-12-13,OFF,COL,4.0,NSH,2.0
2025020528,20252026,2,2025-12-16,OFF,SEA,3.0,COL,5.0
2025020546,20252026,2,2025-12-19,OFF,COL,3.0,WPG,2.0
2025020563,20252026,2,2025-12-21,OFF,MIN,1.0,COL,5.0
2025020584,20252026,2,2025-12-23,OFF,COL,1.0,UTA,0.0
2025020600,20252026,2,2025-12-27,OFF,VGK,5.0,COL,6.0
2025020611,20252026,2,2025-12-29,OFF,COL,5.0,LAK,2.0
2025020629,20252026,2,2025-12-31,OFF,COL,6.0,STL,1.0
2025020659,20252026,2,2026-01-04,OFF,FLA,2.0,COL,1.0
2025020668,20252026,2,2026-01-06,OFF,TBL,4.0,COL,2.0
2025020691,20252026,2,2026-01-08,OFF,COL,8.0,OTT,2.0
2025020723,20252026,2,2026-01-12,OFF,COL,3.0,TOR,4.0
2025020752,20252026,2,2026-01-16,OFF,COL,3.0,NSH,7.0
2025020771,20252026,2,2026-01-19,OFF,COL,5.0,WSH,2.0
2025020805,20252026,2,2026-01-23,OFF,COL,3.0,PHI,7.0
2025020819,20252026,2,2026-01-25,OFF,TOR,1.0,COL,4.0
2025020841,20252026,2,2026-01-28,OFF,OTT,5.0,COL,2.0
2025020845,20252026,2,2026-01-29,OFF,MTL,7.0,COL,3.0
2025020860,20252026,2,2026-01-31,OFF,DET,0.0,COL,5.0
2025020883,20252026,2,2026-02-02,OFF,COL,0.0,DET,2.0
2025020897,20252026,2,2026-02-04,OFF,COL,4.0,SJS,2.0
2025020914,20252026,2,2026-02-25,OFF,UTA,2.0,COL,4.0
2025020927,20252026,2,2026-02-26,OFF,COL,2.0,MIN,5.0
2025020958,20252026,2,2026-03-02,OFF,LAK,2.0,COL,4.0
2025020984,20252026,2,2026-03-06,OFF,DAL,4.0,COL,5.0
2025021001,20252026,2,2026-03-08,OFF,COL,3.0,MIN,2.0
2025021023,20252026,2,2026-03-10,OFF,COL,3.0,EDM,4.0
2025021040,20252026,2,2026-03-12,OFF,SEA,1.0,COL,5.0
2025021045,20252026,2,2026-03-14,OFF,WPG,3.0,COL,1.0
2025021067,20252026,2,2026-03-16,OFF,COL,2.0,PIT,7.0
2025021080,20252026,2,2026-03-18,OFF,COL,1.0,DAL,2.0
2025021111,20252026,2,2026-03-22,OFF,WSH,2.0,COL,3.0
2025021126,20252026,2,2026-03-24,OFF,PIT,2.0,COL,6.0
2025021145,20252026,2,2026-03-26,OFF,WPG,2.0,COL,3.0
2025021162,20252026,2,2026-03-28,OFF,COL,2.0,WPG,4.0
2025021188,20252026,2,2026-04-01,OFF,COL,6.0,VAN,8.0
2025021209,20252026,2,2026-04-04,OFF,DAL,0.0,COL,2.0
2025021228,20252026,2,2026-04-05,OFF,COL,2.0,STL,3.0
2025021238,20252026,2,2026-04-07,OFF,STL,1.0,COL,3.0
2025021274,20252026,2,2026-04-11,OFF,COL,2.0,VGK,3.0
2025021289,20252026,2,2026-04-13,OFF,EDM,1.0,COL,2.0
2025021312,20252026,2,2026-04-16,OFF,COL,2.0,SEA,0.0
2025020017,20252026,2,2025-10-09,OFF,WPG,4.0,DAL,5.0
2025020054,20252026,2,2025-10-14,OFF,DAL,5.0,MIN,2.0
2025020068,20252026,2,2025-10-16,OFF,DAL,3.0,VAN,5.0
2025020083,20252026,2,2025-10-18,OFF,STL,3.0,DAL,1.0
2025020119,20252026,2,2025-10-23,OFF,DAL,2.0,LAK,3.0
2025020145,20252026,2,2025-10-26,OFF,NSH,2.0,DAL,3.0
2025020159,20252026,2,2025-10-28,OFF,DAL,1.0,WSH,0.0
2025020169,20252026,2,2025-10-30,OFF,TBL,2.0,DAL,1.0
2025020185,20252026,2,2025-11-01,OFF,FLA,4.0,DAL,3.0
2025020207,20252026,2,2025-11-04,OFF,DAL,4.0,EDM,3.0
2025020233,20252026,2,2025-11-08,OFF,NSH,4.0,DAL,5.0
2025020248,20252026,2,2025-11-09,OFF,DAL,2.0,SEA,1.0
2025020258,20252026,2,2025-11-11,OFF,OTT,2.0,DAL,3.0
2025020270,20252026,2,2025-11-13,OFF,MTL,0.0,DAL,7.0
2025020293,20252026,2,2025-11-15,OFF,DAL,5.0,PHI,1.0
2025020310,20252026,2,2025-11-18,OFF,DAL,2.0,NYI,3.0
2025020328,20252026,2,2025-11-20,OFF,VAN,2.0,DAL,4.0
2025020360,20252026,2,2025-11-25,OFF,EDM,3.0,DAL,8.0
2025020375,20252026,2,2025-11-26,OFF,SEA,2.0,DAL,3.0
2025020390,20252026,2,2025-11-28,OFF,DAL,4.0,UTA,3.0
2025020405,20252026,2,2025-11-30,OFF,DAL,6.0,OTT,1.0
2025020415,20252026,2,2025-12-02,OFF,NYR,3.0,DAL,2.0
2025020421,20252026,2,2025-12-03,OFF,NJD,0.0,DAL,3.0
2025020438,20252026,2,2025-12-05,OFF,DAL,4.0,SJS,1.0
2025020456,20252026,2,2025-12-07,OFF,DAL,3.0,PIT,2.0
2025020473,20252026,2,2025-12-09,OFF,WPG,3.0,DAL,4.0
2025020488,20252026,2,2025-12-11,OFF,MIN,5.0,DAL,2.0
2025020505,20252026,2,2025-12-13,OFF,DAL,0.0,FLA,4.0
2025020518,20252026,2,2025-12-15,OFF,DAL,4.0,LAK,1.0
2025020543,20252026,2,2025-12-18,OFF,SJS,3.0,DAL,5.0
2025020568,20252026,2,2025-12-21,OFF,DAL,5.0,TOR,1.0
2025020579,20252026,2,2025-12-23,OFF,DET,4.0,DAL,3.0
2025020657,20252026,2,2026-01-04,OFF,DAL,3.0,MTL,4.0
2025020677,20252026,2,2026-01-07,OFF,WSH,1.0,DAL,4.0
2025020700,20252026,2,2026-01-10,OFF,SJS,5.0,DAL,4.0
2025020724,20252026,2,2026-01-12,OFF,LAK,1.0,DAL,3.0
2025020746,20252026,2,2026-01-15,OFF,UTA,2.0,DAL,1.0
2025020767,20252026,2,2026-01-18,OFF,DAL,1.0,TBL,4.0
2025020804,20252026,2,2026-01-23,OFF,DAL,3.0,STL,2.0
2025020836,20252026,2,2026-01-27,OFF,STL,3.0,DAL,4.0
2025020856,20252026,2,2026-01-29,OFF,VGK,4.0,DAL,5.0
2025020870,20252026,2,2026-01-31,OFF,UTA,2.0,DAL,3.0
2025020882,20252026,2,2026-02-02,OFF,DAL,4.0,WPG,3.0
2025020899,20252026,2,2026-02-04,OFF,DAL,5.0,STL,4.0
2025020913,20252026,2,2026-02-25,OFF,DAL,4.0,SEA,1.0
2025020945,20252026,2,2026-02-28,OFF,DAL,3.0,NSH,2.0
2025020956,20252026,2,2026-03-02,OFF,VAN,1.0,DAL,6.0
2025021020,20252026,2,2026-03-10,OFF,DAL,2.0,VGK,1.0
2025021034,20252026,2,2026-03-12,OFF,DAL,7.0,EDM,2.0
2025021053,20252026,2,2026-03-14,OFF,DAL,3.0,DET,2.0
2025021066,20252026,2,2026-03-16,OFF,DAL,3.0,UTA,6.0
2025021101,20252026,2,2026-03-21,OFF,MIN,2.0,DAL,1.0
2025021115,20252026,2,2026-03-22,OFF,DAL,2.0,VGK,3.0
2025021130,20252026,2,2026-03-24,OFF,DAL,4.0,NJD,6.0
2025021141,20252026,2,2026-03-26,OFF,NYI,2.0,DAL,1.0
2025021156,20252026,2,2026-03-28,OFF,PIT,3.0,DAL,6.0
2025021172,20252026,2,2026-03-29,OFF,PHI,2.0,DAL,1.0
2025021198,20252026,2,2026-04-02,OFF,DAL,3.0,WPG,0.0
2025021254,20252026,2,2026-04-09,OFF,DAL,5.0,MIN,4.0
2025021268,20252026,2,2026-04-11,OFF,DAL,2.0,NYR,0.0
2025021285,20252026,2,2026-04-13,OFF,TOR,5.0,DAL,6.0
2025020010,20252026,2,2025-10-09,OFF,DET,1.0,MTL,5.0
2025020025,20252026,2,2025-10-11,OFF,DET,6.0,TOR,3.0
2025020043,20252026,2,2025-10-13,OFF,TOR,2.0,DET,3.0
2025020058,20252026,2,2025-10-15,OFF,DET,4.0,FLA,1.0
2025020072,20252026,2,2025-10-17,OFF,DET,2.0,TBL,1.0
2025020090,20252026,2,2025-10-19,OFF,DET,4.0,EDM,2.0
2025020115,20252026,2,2025-10-23,OFF,NYI,7.0,DET,2.0
2025020133,20252026,2,2025-10-25,OFF,DET,6.0,STL,4.0
2025020158,20252026,2,2025-10-28,OFF,STL,2.0,DET,5.0
2025020177,20252026,2,2025-10-30,OFF,LAK,3.0,DET,4.0
2025020198,20252026,2,2025-11-02,OFF,SJS,2.0,DET,3.0
2025020210,20252026,2,2025-11-04,OFF,VGK,1.0,DET,0.0
2025020227,20252026,2,2025-11-07,OFF,DET,1.0,NYR,4.0
2025020299,20252026,2,2025-11-16,OFF,NYR,1.0,DET,2.0
2025020308,20252026,2,2025-11-18,OFF,DET,4.0,SEA,2.0
2025020321,20252026,2,2025-11-20,OFF,DET,0.0,NYI,5.0
2025020354,20252026,2,2025-11-24,OFF,NJD,4.0,DET,3.0
2025020361,20252026,2,2025-11-26,OFF,DET,3.0,NSH,6.0
2025020377,20252026,2,2025-11-28,OFF,DET,3.0,TBL,6.0
2025020452,20252026,2,2025-12-06,OFF,SEA,3.0,DET,4.0
2025020464,20252026,2,2025-12-08,OFF,VAN,0.0,DET,4.0
2025020491,20252026,2,2025-12-11,OFF,EDM,4.0,DET,1.0
2025020522,20252026,2,2025-12-16,OFF,DET,3.0,NYI,2.0
2025020530,20252026,2,2025-12-17,OFF,DET,1.0,UTA,4.0
2025020550,20252026,2,2025-12-20,OFF,WSH,2.0,DET,5.0
2025020562,20252026,2,2025-12-21,OFF,DET,3.0,WSH,2.0
2025020601,20252026,2,2025-12-28,OFF,DET,3.0,TOR,2.0
2025020626,20252026,2,2025-12-31,OFF,DET,2.0,WPG,1.0
2025020635,20252026,2,2026-01-01,OFF,PIT,4.0,DET,3.0
2025020644,20252026,2,2026-01-03,OFF,DET,1.0,PIT,4.0
2025020664,20252026,2,2026-01-05,OFF,OTT,3.0,DET,5.0
2025020684,20252026,2,2026-01-08,OFF,DET,5.0,VAN,1.0
2025020703,20252026,2,2026-01-10,OFF,MTL,0.0,DET,4.0
2025020749,20252026,2,2026-01-16,OFF,DET,4.0,SJS,2.0
2025020768,20252026,2,2026-01-18,OFF,DET,4.0,OTT,3.0
2025020788,20252026,2,2026-01-21,OFF,TOR,1.0,DET,2.0
2025020801,20252026,2,2026-01-22,OFF,MIN,4.0,DET,3.0
2025020815,20252026,2,2026-01-24,OFF,WPG,1.0,DET,5.0
2025020833,20252026,2,2026-01-27,OFF,DET,1.0,LAK,3.0
2025020846,20252026,2,2026-01-29,OFF,DET,3.0,WSH,4.0
2025020898,20252026,2,2026-02-04,OFF,UTA,4.0,DET,1.0
2025020920,20252026,2,2026-02-26,OFF,OTT,1.0,DET,2.0
2025020955,20252026,2,2026-03-02,OFF,NSH,2.0,DET,4.0
2025020970,20252026,2,2026-03-04,OFF,DET,3.0,VGK,4.0
2025020983,20252026,2,2026-03-06,OFF,DET,1.0,FLA,3.0
2025021005,20252026,2,2026-03-08,OFF,NJD,0.0,DET,3.0
2025021016,20252026,2,2026-03-10,OFF,FLA,4.0,DET,3.0
2025021030,20252026,2,2026-03-12,OFF,TBL,4.0,DET,1.0
2025021085,20252026,2,2026-03-19,OFF,DET,3.0,MTL,1.0
2025021122,20252026,2,2026-03-24,OFF,DET,2.0,OTT,3.0
2025021163,20252026,2,2026-03-28,OFF,DET,3.0,PHI,5.0
2025021183,20252026,2,2026-03-31,OFF,PIT,5.0,DET,1.0
2025021196,20252026,2,2026-04-02,OFF,PHI,2.0,DET,4.0
2025021207,20252026,2,2026-04-04,OFF,NYR,4.0,DET,1.0
2025021222,20252026,2,2026-04-05,OFF,DET,4.0,MIN,5.0
2025021250,20252026,2,2026-04-09,OFF,DET,6.0,PHI,3.0
2025021265,20252026,2,2026-04-11,OFF,DET,3.0,NJD,5.0
2025021282,20252026,2,2026-04-13,OFF,TBL,4.0,DET,3.0
2025021303,20252026,2,2026-04-15,OFF,FLA,8.0,DET,1.0
2025020035,20252026,2,2025-10-11,OFF,EDM,3.0,VAN,1.0
2025020051,20252026,2,2025-10-14,OFF,NYR,0.0,EDM,2.0
2025020065,20252026,2,2025-10-16,OFF,NYI,4.0,EDM,2.0
2025020078,20252026,2,2025-10-18,OFF,NJD,5.0,EDM,3.0
2025020099,20252026,2,2025-10-21,OFF,OTT,2.0,EDM,3.0
2025020122,20252026,2,2025-10-23,OFF,EDM,6.0,MTL,5.0
2025020139,20252026,2,2025-10-25,OFF,SEA,3.0,EDM,2.0
2025020147,20252026,2,2025-10-26,OFF,VAN,4.0,EDM,3.0
2025020162,20252026,2,2025-10-28,OFF,EDM,6.0,UTA,3.0
2025020175,20252026,2,2025-10-30,OFF,EDM,3.0,NYR,4.0
2025020200,20252026,2,2025-11-03,OFF,STL,3.0,EDM,2.0
2025020266,20252026,2,2025-11-12,OFF,PHI,1.0,EDM,2.0
2025020315,20252026,2,2025-11-19,OFF,WSH,7.0,EDM,4.0
2025020322,20252026,2,2025-11-20,OFF,TBL,2.0,EDM,1.0
2025020338,20252026,2,2025-11-22,OFF,FLA,3.0,EDM,6.0
2025020393,20252026,2,2025-11-29,OFF,SEA,0.0,EDM,4.0
2025020418,20252026,2,2025-12-02,OFF,EDM,0.0,MIN,1.0
2025020434,20252026,2,2025-12-04,OFF,EDM,9.0,SEA,4.0
2025020450,20252026,2,2025-12-06,OFF,EDM,6.0,WPG,2.0
2025020499,20252026,2,2025-12-13,OFF,TOR,3.0,EDM,6.0
2025020512,20252026,2,2025-12-14,OFF,MTL,4.0,EDM,1.0
2025020524,20252026,2,2025-12-16,OFF,PIT,4.0,EDM,6.0
2025020552,20252026,2,2025-12-20,OFF,MIN,5.0,EDM,2.0
2025020570,20252026,2,2025-12-21,OFF,EDM,4.0,VGK,3.0
2025020609,20252026,2,2025-12-29,OFF,WPG,1.0,EDM,3.0
2025020647,20252026,2,2026-01-03,OFF,EDM,2.0,PHI,5.0
2025020674,20252026,2,2026-01-06,OFF,EDM,6.0,NSH,2.0
2025020690,20252026,2,2026-01-08,OFF,WPG,3.0,EDM,4.0
2025020709,20252026,2,2026-01-10,OFF,EDM,3.0,LAK,4.0
2025020731,20252026,2,2026-01-13,OFF,NSH,4.0,EDM,3.0
2025020747,20252026,2,2026-01-15,OFF,EDM,0.0,NYI,1.0
2025020764,20252026,2,2026-01-17,OFF,VAN,0.0,EDM,6.0
2025020769,20252026,2,2026-01-18,OFF,EDM,5.0,STL,0.0
2025020786,20252026,2,2026-01-20,OFF,EDM,1.0,NJD,2.0
2025020800,20252026,2,2026-01-22,OFF,EDM,2.0,PIT,6.0
2025020818,20252026,2,2026-01-24,OFF,EDM,6.0,WSH,5.0
2025020854,20252026,2,2026-01-29,OFF,EDM,4.0,SJS,3.0
2025020871,20252026,2,2026-01-31,OFF,EDM,3.0,MIN,7.0
2025020891,20252026,2,2026-02-03,OFF,EDM,2.0,TOR,5.0
2025020929,20252026,2,2026-02-26,OFF,LAK,1.0,EDM,8.0
2025020936,20252026,2,2026-02-28,OFF,SJS,5.0,EDM,4.0
2025020966,20252026,2,2026-03-03,OFF,EDM,5.0,OTT,4.0
2025021007,20252026,2,2026-03-08,OFF,VGK,2.0,EDM,4.0
2025021042,20252026,2,2026-03-13,OFF,STL,3.0,EDM,2.0
2025021061,20252026,2,2026-03-15,OFF,EDM,3.0,NSH,1.0
2025021073,20252026,2,2026-03-17,OFF,EDM,5.0,SJS,3.0
2025021089,20252026,2,2026-03-19,OFF,EDM,0.0,FLA,4.0
2025021109,20252026,2,2026-03-21,OFF,EDM,2.0,TBL,5.0
2025021132,20252026,2,2026-03-24,OFF,UTA,2.0,EDM,5.0
2025021148,20252026,2,2026-03-26,OFF,VGK,3.0,EDM,4.0
2025021187,20252026,2,2026-03-31,OFF,EDM,3.0,SEA,0.0
2025021218,20252026,2,2026-04-04,OFF,EDM,1.0,VGK,5.0
2025021241,20252026,2,2026-04-07,OFF,UTA,6.0,EDM,5.0
2025021246,20252026,2,2026-04-08,OFF,SJS,2.0,EDM,5.0
2025021264,20252026,2,2026-04-11,OFF,LAK,1.0,EDM,0.0
2025021311,20252026,2,2026-04-16,OFF,EDM,6.0,VAN,1.0
2025020012,20252026,2,2025-10-09,OFF,FLA,2.0,PHI,1.0
2025020027,20252026,2,2025-10-11,OFF,FLA,6.0,OTT,2.0
2025020044,20252026,2,2025-10-13,OFF,PHI,5.0,FLA,2.0
2025020064,20252026,2,2025-10-16,OFF,NJD,3.0,FLA,1.0
2025020114,20252026,2,2025-10-23,OFF,FLA,3.0,PIT,5.0
2025020130,20252026,2,2025-10-25,OFF,FLA,3.0,VGK,0.0
2025020226,20252026,2,2025-11-06,OFF,LAK,2.0,FLA,5.0
2025020243,20252026,2,2025-11-08,OFF,SJS,3.0,FLA,1.0
2025020255,20252026,2,2025-11-10,OFF,VGK,2.0,FLA,3.0
2025020273,20252026,2,2025-11-13,OFF,FLA,6.0,WSH,3.0
2025020283,20252026,2,2025-11-15,OFF,FLA,1.0,TBL,3.0
2025020303,20252026,2,2025-11-17,OFF,FLA,8.0,VAN,5.0
2025020323,20252026,2,2025-11-20,OFF,FLA,1.0,NJD,0.0
2025020357,20252026,2,2025-11-24,OFF,NSH,3.0,FLA,8.0
2025020363,20252026,2,2025-11-26,OFF,FLA,2.0,PHI,4.0
2025020413,20252026,2,2025-12-02,OFF,FLA,1.0,TOR,4.0
2025020429,20252026,2,2025-12-04,OFF,FLA,1.0,NSH,2.0
2025020454,20252026,2,2025-12-07,OFF,FLA,4.0,NYI,1.0
2025020478,20252026,2,2025-12-10,OFF,UTA,3.0,FLA,4.0
2025020514,20252026,2,2025-12-15,OFF,TBL,2.0,FLA,5.0
2025020529,20252026,2,2025-12-17,OFF,FLA,3.0,LAK,2.0
2025020554,20252026,2,2025-12-20,OFF,FLA,2.0,STL,6.0
2025020591,20252026,2,2025-12-27,OFF,FLA,2.0,TBL,4.0
2025020607,20252026,2,2025-12-29,OFF,FLA,5.0,WSH,3.0
2025020618,20252026,2,2025-12-30,OFF,FLA,2.0,MTL,3.0
2025020641,20252026,2,2026-01-02,OFF,FLA,1.0,NYR,5.0
2025020672,20252026,2,2026-01-06,OFF,TOR,4.0,FLA,1.0
2025020683,20252026,2,2026-01-08,OFF,MTL,6.0,FLA,2.0
2025020704,20252026,2,2026-01-10,OFF,OTT,2.0,FLA,3.0
2025020761,20252026,2,2026-01-17,OFF,WSH,2.0,FLA,5.0
2025020773,20252026,2,2026-01-19,OFF,FLA,1.0,SJS,4.0
2025020799,20252026,2,2026-01-22,OFF,WPG,1.0,FLA,2.0
2025020817,20252026,2,2026-01-24,OFF,MIN,3.0,FLA,4.0
2025020834,20252026,2,2026-01-27,OFF,FLA,3.0,UTA,4.0
2025020852,20252026,2,2026-01-29,OFF,STL,5.0,FLA,4.0
2025020862,20252026,2,2026-01-31,OFF,FLA,1.0,WPG,2.0
2025020904,20252026,2,2026-02-05,OFF,TBL,6.0,FLA,1.0
2025020921,20252026,2,2026-02-26,OFF,FLA,5.0,TOR,1.0
2025020948,20252026,2,2026-03-01,OFF,NYI,5.0,FLA,4.0
2025020961,20252026,2,2026-03-03,OFF,NJD,5.0,FLA,1.0
2025021062,20252026,2,2026-03-15,OFF,SEA,6.0,FLA,2.0
2025021074,20252026,2,2026-03-17,OFF,VAN,5.0,FLA,2.0
2025021123,20252026,2,2026-03-24,OFF,FLA,5.0,SEA,4.0
2025021140,20252026,2,2026-03-26,OFF,FLA,2.0,MIN,3.0
2025021153,20252026,2,2026-03-28,OFF,NYI,5.0,FLA,2.0
2025021167,20252026,2,2026-03-29,OFF,NYR,3.0,FLA,1.0
2025021181,20252026,2,2026-03-31,OFF,FLA,6.0,OTT,3.0
2025021211,20252026,2,2026-04-04,OFF,PIT,9.0,FLA,4.0
2025021223,20252026,2,2026-04-05,OFF,PIT,5.0,FLA,2.0
2025021233,20252026,2,2026-04-07,OFF,MTL,4.0,FLA,3.0
2025021249,20252026,2,2026-04-09,OFF,OTT,5.0,FLA,1.0
2025021270,20252026,2,2026-04-11,OFF,TOR,2.0,FLA,6.0
2025021283,20252026,2,2026-04-13,OFF,FLA,3.0,NYR,2.0
2025020007,20252026,2,2025-10-08,OFF,VGK,5.0,LAK,6.0
2025020022,20252026,2,2025-10-11,OFF,WPG,3.0,LAK,2.0
2025020047,20252026,2,2025-10-13,OFF,MIN,4.0,LAK,3.0
2025020071,20252026,2,2025-10-16,OFF,LAK,2.0,PIT,4.0
2025020104,20252026,2,2025-10-21,OFF,STL,1.0,LAK,2.0
2025020137,20252026,2,2025-10-25,OFF,NSH,5.0,LAK,4.0
2025020165,20252026,2,2025-10-28,OFF,SJS,3.0,LAK,4.0
2025020191,20252026,2,2025-11-01,OFF,LAK,1.0,NJD,4.0
2025020212,20252026,2,2025-11-04,OFF,LAK,3.0,WPG,0.0
2025020245,20252026,2,2025-11-09,OFF,PIT,2.0,LAK,3.0
2025020257,20252026,2,2025-11-11,OFF,MTL,1.0,LAK,5.0
2025020269,20252026,2,2025-11-13,OFF,TOR,3.0,LAK,4.0
2025020286,20252026,2,2025-11-15,OFF,OTT,0.0,LAK,1.0
2025020304,20252026,2,2025-11-17,OFF,WSH,2.0,LAK,1.0
2025020330,20252026,2,2025-11-20,OFF,SJS,4.0,LAK,3.0
2025020359,20252026,2,2025-11-24,OFF,LAK,2.0,OTT,1.0
2025020401,20252026,2,2025-11-29,OFF,LAK,2.0,VAN,1.0
2025020420,20252026,2,2025-12-02,OFF,LAK,1.0,WSH,3.0
2025020462,20252026,2,2025-12-08,OFF,UTA,2.0,LAK,4.0
2025020479,20252026,2,2025-12-10,OFF,SEA,3.0,LAK,2.0
2025020538,20252026,2,2025-12-18,OFF,TBL,1.0,LAK,2.0
2025020587,20252026,2,2025-12-23,OFF,LAK,2.0,SEA,3.0
2025020639,20252026,2,2026-01-01,OFF,LAK,3.0,TBL,5.0
2025020655,20252026,2,2026-01-03,OFF,LAK,5.0,MIN,4.0
2025020666,20252026,2,2026-01-05,OFF,LAK,4.0,MIN,2.0
2025020681,20252026,2,2026-01-07,OFF,LAK,3.0,SJS,4.0
2025020695,20252026,2,2026-01-09,OFF,WPG,5.0,LAK,1.0
2025020738,20252026,2,2026-01-14,OFF,LAK,2.0,VGK,3.0
2025020787,20252026,2,2026-01-20,OFF,LAK,4.0,NYR,3.0
2025020816,20252026,2,2026-01-24,OFF,STL,4.0,LAK,5.0
2025020859,20252026,2,2026-01-31,OFF,PHI,2.0,LAK,3.0
2025020902,20252026,2,2026-02-04,OFF,LAK,2.0,SEA,4.0
2025020909,20252026,2,2026-02-05,OFF,VGK,4.0,LAK,1.0
2025020916,20252026,2,2026-02-25,OFF,LAK,4.0,VGK,6.0
2025020982,20252026,2,2026-03-05,OFF,LAK,5.0,NYI,3.0
2025020997,20252026,2,2026-03-07,OFF,LAK,3.0,MTL,4.0
2025021041,20252026,2,2026-03-13,OFF,NYI,2.0,LAK,3.0
2025021050,20252026,2,2026-03-14,OFF,NJD,6.0,LAK,4.0
2025021065,20252026,2,2026-03-16,OFF,NYR,1.0,LAK,4.0
2025021093,20252026,2,2026-03-19,OFF,LAK,3.0,PHI,4.0
2025021118,20252026,2,2026-03-22,OFF,UTA,4.0,LAK,3.0
2025021149,20252026,2,2026-03-26,OFF,VAN,0.0,LAK,4.0
2025021164,20252026,2,2026-03-28,OFF,LAK,2.0,UTA,6.0
2025021189,20252026,2,2026-04-01,OFF,LAK,2.0,STL,1.0
2025021204,20252026,2,2026-04-02,OFF,LAK,4.0,NSH,5.0
2025021217,20252026,2,2026-04-04,OFF,LAK,7.0,TOR,6.0
2025021232,20252026,2,2026-04-06,OFF,LAK,3.0,NSH,2.0
2025021260,20252026,2,2026-04-09,OFF,LAK,4.0,VAN,1.0
2025021291,20252026,2,2026-04-13,OFF,SEA,3.0,LAK,5.0
2025021300,20252026,2,2026-04-14,OFF,VAN,4.0,LAK,3.0
2025020015,20252026,2,2025-10-09,OFF,STL,0.0,MIN,5.0
2025020073,20252026,2,2025-10-17,OFF,WSH,5.0,MIN,1.0
2025020081,20252026,2,2025-10-18,OFF,PHI,2.0,MIN,1.0
2025020093,20252026,2,2025-10-20,OFF,NYR,1.0,MIN,3.0
2025020108,20252026,2,2025-10-22,OFF,NJD,4.0,MIN,1.0
2025020131,20252026,2,2025-10-25,OFF,MIN,2.0,UTA,6.0
2025020142,20252026,2,2025-10-26,OFF,MIN,5.0,SJS,6.0
2025020157,20252026,2,2025-10-28,OFF,MIN,3.0,WPG,4.0
2025020173,20252026,2,2025-10-30,OFF,MIN,1.0,PIT,4.0
2025020190,20252026,2,2025-11-01,OFF,MIN,5.0,VAN,2.0
2025020208,20252026,2,2025-11-04,OFF,MIN,3.0,NSH,2.0
2025020228,20252026,2,2025-11-07,OFF,NYI,2.0,MIN,5.0
2025020261,20252026,2,2025-11-11,OFF,MIN,1.0,SJS,2.0
2025020298,20252026,2,2025-11-16,OFF,MIN,3.0,VGK,2.0
2025020332,20252026,2,2025-11-21,OFF,PIT,0.0,MIN,5.0
2025020348,20252026,2,2025-11-23,OFF,WPG,0.0,MIN,3.0
2025020451,20252026,2,2025-12-06,OFF,VAN,4.0,MIN,2.0
2025020465,20252026,2,2025-12-08,OFF,SEA,1.0,MIN,4.0
2025020496,20252026,2,2025-12-13,OFF,MIN,3.0,OTT,2.0
2025020526,20252026,2,2025-12-16,OFF,MIN,5.0,WSH,0.0
2025020582,20252026,2,2025-12-23,OFF,MIN,2.0,NSH,3.0
2025020594,20252026,2,2025-12-27,OFF,WPG,3.0,MIN,4.0
2025020614,20252026,2,2025-12-29,OFF,VGK,2.0,MIN,5.0
2025020625,20252026,2,2025-12-31,OFF,SJS,4.0,MIN,3.0
2025020693,20252026,2,2026-01-08,OFF,SEA,2.0,MIN,3.0
2025020708,20252026,2,2026-01-10,OFF,MIN,3.0,NYI,4.0
2025020721,20252026,2,2026-01-12,OFF,MIN,2.0,NJD,5.0
2025020744,20252026,2,2026-01-15,OFF,MIN,2.0,WPG,6.0
2025020774,20252026,2,2026-01-19,OFF,TOR,3.0,MIN,6.0
2025020780,20252026,2,2026-01-20,OFF,MTL,4.0,MIN,3.0
2025020879,20252026,2,2026-02-02,OFF,MIN,4.0,MTL,3.0
2025020896,20252026,2,2026-02-04,OFF,NSH,5.0,MIN,6.0
2025020932,20252026,2,2026-02-27,OFF,UTA,5.0,MIN,2.0
2025020951,20252026,2,2026-03-01,OFF,MIN,1.0,STL,3.0
2025020967,20252026,2,2026-03-03,OFF,MIN,5.0,TBL,1.0
2025020988,20252026,2,2026-03-06,OFF,VGK,2.0,MIN,4.0
2025021021,20252026,2,2026-03-10,OFF,MIN,5.0,UTA,0.0
2025021035,20252026,2,2026-03-12,OFF,MIN,2.0,PHI,3.0
2025021046,20252026,2,2026-03-14,OFF,MIN,2.0,NYR,4.0
2025021060,20252026,2,2026-03-15,OFF,MIN,2.0,TOR,4.0
2025021127,20252026,2,2026-03-24,OFF,TBL,6.0,MIN,3.0
2025021199,20252026,2,2026-04-02,OFF,MIN,5.0,VAN,2.0
2025021208,20252026,2,2026-04-04,OFF,OTT,1.0,MIN,4.0
2025021240,20252026,2,2026-04-07,OFF,MIN,5.0,SEA,2.0
2025021267,20252026,2,2026-04-11,OFF,NSH,2.0,MIN,1.0
2025021286,20252026,2,2026-04-13,OFF,STL,6.0,MIN,3.0
2025020004,20252026,2,2025-10-08,OFF,TOR,5.0,MTL,2.0
2025020050,20252026,2,2025-10-14,OFF,MTL,5.0,SEA,4.0
2025020062,20252026,2,2025-10-16,OFF,MTL,3.0,NSH,2.0
2025020080,20252026,2,2025-10-18,OFF,MTL,3.0,NYR,4.0
2025020136,20252026,2,2025-10-25,OFF,VAN,3.0,MTL,4.0
2025020164,20252026,2,2025-10-28,OFF,SEA,3.0,MTL,4.0
2025020187,20252026,2,2025-11-01,OFF,MTL,4.0,OTT,3.0
2025020204,20252026,2,2025-11-04,OFF,MTL,4.0,PHI,5.0
2025020220,20252026,2,2025-11-06,OFF,NJD,4.0,MTL,3.0
2025020235,20252026,2,2025-11-08,OFF,MTL,6.0,UTA,2.0
2025020320,20252026,2,2025-11-20,OFF,MTL,4.0,WSH,8.0
2025020337,20252026,2,2025-11-22,OFF,MTL,5.0,TOR,2.0
2025020372,20252026,2,2025-11-26,OFF,UTA,3.0,MTL,4.0
2025020383,20252026,2,2025-11-28,OFF,VGK,1.0,MTL,4.0
2025020411,20252026,2,2025-12-02,OFF,MTL,2.0,OTT,5.0
2025020422,20252026,2,2025-12-03,OFF,MTL,3.0,WPG,2.0
2025020444,20252026,2,2025-12-06,OFF,TOR,1.0,MTL,2.0
2025020457,20252026,2,2025-12-07,OFF,MTL,3.0,STL,4.0
2025020466,20252026,2,2025-12-09,OFF,MTL,1.0,TBL,6.0
2025020484,20252026,2,2025-12-11,OFF,PIT,2.0,MTL,4.0
2025020500,20252026,2,2025-12-13,OFF,NYR,5.0,MTL,4.0
2025020521,20252026,2,2025-12-16,OFF,MTL,1.0,PHI,4.0
2025020556,20252026,2,2025-12-20,OFF,MTL,4.0,PIT,0.0
2025020566,20252026,2,2025-12-21,OFF,PIT,4.0,MTL,3.0
2025020602,20252026,2,2025-12-28,OFF,TBL,5.0,MTL,4.0
2025020648,20252026,2,2026-01-03,OFF,STL,2.0,MTL,0.0
2025020720,20252026,2,2026-01-12,OFF,MTL,6.0,VAN,3.0
2025020727,20252026,2,2026-01-13,OFF,WSH,3.0,MTL,2.0
2025020758,20252026,2,2026-01-17,OFF,OTT,5.0,MTL,6.0
2025020832,20252026,2,2026-01-27,OFF,MTL,3.0,VGK,2.0
2025020895,20252026,2,2026-02-04,OFF,WPG,1.0,MTL,5.0
2025020919,20252026,2,2026-02-26,OFF,MTL,3.0,NYI,4.0
2025020940,20252026,2,2026-02-28,OFF,MTL,6.0,WSH,2.0
2025020969,20252026,2,2026-03-03,OFF,SJS,7.0,MTL,5.0
2025021014,20252026,2,2026-03-10,OFF,MTL,3.0,TOR,1.0
2025021025,20252026,2,2026-03-11,OFF,OTT,2.0,MTL,3.0
2025021048,20252026,2,2026-03-14,OFF,MTL,2.0,SJS,4.0
2025021105,20252026,2,2026-03-21,OFF,MTL,7.0,NYI,3.0
2025021161,20252026,2,2026-03-28,OFF,NSH,1.0,MTL,4.0
2025021180,20252026,2,2026-03-31,OFF,TBL,1.0,MTL,4.0
2025021195,20252026,2,2026-04-02,OFF,NYR,2.0,MTL,3.0
2025021212,20252026,2,2026-04-04,OFF,NJD,3.0,MTL,4.0
2025021226,20252026,2,2026-04-05,OFF,MTL,0.0,NJD,3.0
2025021248,20252026,2,2026-04-09,OFF,MTL,2.0,TBL,1.0
2025021277,20252026,2,2026-04-12,OFF,NYI,1.0,MTL,4.0
2025021294,20252026,2,2026-04-14,OFF,PHI,4.0,MTL,2.0
2025020026,20252026,2,2025-10-11,OFF,TBL,3.0,NJD,5.0
2025020098,20252026,2,2025-10-21,OFF,TOR,2.0,NJD,5.0
2025020124,20252026,2,2025-10-24,OFF,NJD,3.0,SJS,1.0
2025020176,20252026,2,2025-10-30,OFF,SJS,5.0,NJD,2.0
2025020231,20252026,2,2025-11-08,OFF,NJD,2.0,PIT,1.0
2025020252,20252026,2,2025-11-10,OFF,NJD,2.0,NYI,3.0
2025020288,20252026,2,2025-11-15,OFF,WSH,2.0,NJD,3.0
2025020309,20252026,2,2025-11-18,OFF,TBL,5.0,NJD,1.0
2025020339,20252026,2,2025-11-22,OFF,PHI,6.0,NJD,3.0
2025020364,20252026,2,2025-11-26,OFF,NJD,3.0,STL,2.0
2025020395,20252026,2,2025-11-29,OFF,NJD,3.0,PHI,5.0
2025020436,20252026,2,2025-12-05,OFF,NJD,0.0,VGK,3.0
2025020467,20252026,2,2025-12-09,OFF,OTT,3.0,NJD,4.0
2025020481,20252026,2,2025-12-11,OFF,NJD,4.0,TBL,8.0
2025020508,20252026,2,2025-12-14,OFF,NJD,1.0,VAN,2.0
2025020533,20252026,2,2025-12-17,OFF,VGK,1.0,NJD,2.0
2025020547,20252026,2,2025-12-19,OFF,UTA,1.0,NJD,2.0
2025020580,20252026,2,2025-12-23,OFF,NYI,2.0,NJD,1.0
2025020592,20252026,2,2025-12-27,OFF,NJD,3.0,WSH,4.0
2025020617,20252026,2,2025-12-30,OFF,TOR,4.0,NJD,0.0
2025020645,20252026,2,2026-01-03,OFF,NJD,4.0,UTA,1.0
2025020669,20252026,2,2026-01-06,OFF,NYI,9.0,NJD,0.0
2025020687,20252026,2,2026-01-08,OFF,PIT,4.0,NJD,1.0
2025020711,20252026,2,2026-01-11,OFF,WPG,4.0,NJD,3.0
2025020735,20252026,2,2026-01-14,OFF,NJD,3.0,SEA,2.0
2025020807,20252026,2,2026-01-23,OFF,VAN,4.0,NJD,5.0
2025020820,20252026,2,2026-01-25,OFF,SEA,4.0,NJD,2.0
2025020835,20252026,2,2026-01-27,OFF,NJD,3.0,WPG,4.0
2025020848,20252026,2,2026-01-29,OFF,NJD,3.0,NSH,2.0
2025020866,20252026,2,2026-01-31,OFF,OTT,4.0,NJD,1.0
2025020905,20252026,2,2026-02-05,OFF,NJD,1.0,NYI,3.0
2025020922,20252026,2,2026-02-26,OFF,PIT,4.0,NJD,1.0
2025020943,20252026,2,2026-02-28,OFF,STL,1.0,NJD,3.0
2025020971,20252026,2,2026-03-04,OFF,NJD,4.0,TOR,3.0
2025020991,20252026,2,2026-03-07,OFF,NJD,6.0,NYR,3.0
2025021077,20252026,2,2026-03-18,OFF,NYR,3.0,NJD,6.0
2025021095,20252026,2,2026-03-20,OFF,WSH,2.0,NJD,1.0
2025021144,20252026,2,2026-03-26,OFF,NSH,2.0,NJD,4.0
2025021182,20252026,2,2026-03-31,OFF,NYR,4.0,NJD,1.0
2025021194,20252026,2,2026-04-02,OFF,NJD,7.0,WSH,3.0
2025021236,20252026,2,2026-04-07,OFF,NJD,1.0,PHI,5.0
2025021251,20252026,2,2026-04-09,OFF,NJD,2.0,PIT,5.0
2025021279,20252026,2,2026-04-12,OFF,NJD,4.0,OTT,3.0
2025020032,20252026,2,2025-10-11,OFF,NSH,2.0,UTA,3.0
2025020041,20252026,2,2025-10-13,OFF,OTT,1.0,NSH,4.0
2025020049,20252026,2,2025-10-14,OFF,TOR,7.0,NSH,4.0
2025020084,20252026,2,2025-10-18,OFF,WPG,4.0,NSH,1.0
2025020118,20252026,2,2025-10-23,OFF,NSH,2.0,VAN,1.0
2025020156,20252026,2,2025-10-28,OFF,NSH,2.0,TBL,5.0
2025020170,20252026,2,2025-10-30,OFF,PHI,4.0,NSH,1.0
2025020201,20252026,2,2025-11-03,OFF,NSH,4.0,VAN,5.0
2025020223,20252026,2,2025-11-06,OFF,NSH,1.0,PHI,3.0
2025020253,20252026,2,2025-11-10,OFF,NYR,6.0,NSH,3.0
2025020281,20252026,2,2025-11-14,OFF,NSH,2.0,PIT,1.0
2025020296,20252026,2,2025-11-16,OFF,PIT,4.0,NSH,0.0
2025020397,20252026,2,2025-11-29,OFF,NSH,2.0,WPG,5.0
2025020487,20252026,2,2025-12-11,OFF,NSH,7.0,STL,2.0
2025020517,20252026,2,2025-12-15,OFF,STL,2.0,NSH,5.0
2025020558,20252026,2,2025-12-20,OFF,NSH,5.0,TOR,3.0
2025020567,20252026,2,2025-12-21,OFF,NSH,2.0,NYR,1.0
2025020595,20252026,2,2025-12-27,OFF,STL,3.0,NSH,2.0
2025020612,20252026,2,2025-12-29,OFF,UTA,3.0,NSH,4.0
2025020623,20252026,2,2025-12-31,OFF,VGK,2.0,NSH,4.0
2025020638,20252026,2,2026-01-01,OFF,SEA,4.0,NSH,1.0
2025020689,20252026,2,2026-01-08,OFF,NSH,2.0,NYI,1.0
2025020713,20252026,2,2026-01-11,OFF,NSH,3.0,WSH,2.0
2025020765,20252026,2,2026-01-17,OFF,VGK,7.0,NSH,2.0
2025020798,20252026,2,2026-01-22,OFF,NSH,5.0,OTT,3.0
2025020811,20252026,2,2026-01-24,OFF,NSH,2.0,UTA,5.0
2025020867,20252026,2,2026-01-31,OFF,NYI,3.0,NSH,4.0
2025020880,20252026,2,2026-02-02,OFF,NSH,6.0,STL,5.0
2025020908,20252026,2,2026-02-05,OFF,WSH,4.0,NSH,2.0
2025021024,20252026,2,2026-03-10,OFF,SEA,2.0,NSH,4.0
2025021038,20252026,2,2026-03-12,OFF,VAN,4.0,NSH,3.0
2025021071,20252026,2,2026-03-17,OFF,WPG,3.0,NSH,4.0
2025021087,20252026,2,2026-03-19,OFF,NSH,3.0,SEA,1.0
2025021100,20252026,2,2026-03-21,OFF,NSH,4.0,VGK,1.0
2025021129,20252026,2,2026-03-24,OFF,NSH,6.0,SJS,3.0
2025021168,20252026,2,2026-03-29,OFF,TBL,3.0,NSH,2.0
2025021220,20252026,2,2026-04-04,OFF,SJS,3.0,NSH,6.0
2025021257,20252026,2,2026-04-09,OFF,UTA,4.0,NSH,1.0
2025021287,20252026,2,2026-04-13,OFF,NSH,2.0,SJS,3.0
2025020013,20252026,2,2025-10-09,OFF,PIT,4.0,NYI,3.0
2025020028,20252026,2,2025-10-11,OFF,NYI,2.0,WSH,4.0
2025020042,20252026,2,2025-10-13,OFF,NYI,2.0,WPG,5.0
2025020077,20252026,2,2025-10-18,OFF,OTT,4.0,NYI,5.0
2025020100,20252026,2,2025-10-21,OFF,NYI,4.0,SJS,3.0
2025020127,20252026,2,2025-10-25,OFF,PHI,4.0,NYI,3.0
2025020179,20252026,2,2025-10-31,OFF,WSH,1.0,NYI,3.0
2025020237,20252026,2,2025-11-08,OFF,NYR,0.0,NYI,5.0
2025020277,20252026,2,2025-11-13,OFF,VGK,3.0,NYI,4.0
2025020282,20252026,2,2025-11-14,OFF,UTA,2.0,NYI,3.0
2025020336,20252026,2,2025-11-22,OFF,NYI,1.0,STL,2.0
2025020349,20252026,2,2025-11-23,OFF,NYI,1.0,SEA,0.0
2025020381,20252026,2,2025-11-28,OFF,NYI,3.0,PHI,4.0
2025020402,20252026,2,2025-11-30,OFF,NYI,1.0,WSH,4.0
2025020414,20252026,2,2025-12-02,OFF,NYI,2.0,TBL,1.0
2025020446,20252026,2,2025-12-06,OFF,TBL,0.0,NYI,2.0
2025020468,20252026,2,2025-12-09,OFF,NYI,5.0,VGK,4.0
2025020498,20252026,2,2025-12-13,OFF,NYI,3.0,TBL,2.0
2025020545,20252026,2,2025-12-19,OFF,NYI,1.0,VAN,4.0
2025020588,20252026,2,2025-12-27,OFF,NYI,2.0,NYR,0.0
2025020633,20252026,2,2026-01-01,OFF,NYI,2.0,UTA,7.0
2025020651,20252026,2,2026-01-03,OFF,NYI,4.0,TOR,3.0
2025020732,20252026,2,2026-01-13,OFF,WPG,5.0,NYI,4.0
2025020778,20252026,2,2026-01-19,OFF,VAN,3.0,NYI,4.0
2025020793,20252026,2,2026-01-21,OFF,SEA,4.0,NYI,1.0
2025020827,20252026,2,2026-01-26,OFF,PHI,0.0,NYI,4.0
2025020842,20252026,2,2026-01-28,OFF,NYI,5.0,NYR,2.0
2025020849,20252026,2,2026-01-29,OFF,NYR,1.0,NYI,2.0
2025020878,20252026,2,2026-02-02,OFF,WSH,4.0,NYI,1.0
2025020888,20252026,2,2026-02-03,OFF,NYI,5.0,PIT,4.0
2025020999,20252026,2,2026-03-07,OFF,SJS,1.0,NYI,2.0
2025021019,20252026,2,2026-03-10,OFF,STL,3.0,NYI,4.0
2025021068,20252026,2,2026-03-17,OFF,TOR,1.0,NYI,3.0
2025021084,20252026,2,2026-03-19,OFF,OTT,3.0,NYI,2.0
2025021173,20252026,2,2026-03-30,OFF,NYI,3.0,PIT,8.0
2025021205,20252026,2,2026-04-03,OFF,NYI,1.0,PHI,4.0
2025021252,20252026,2,2026-04-09,OFF,NYI,5.0,TOR,3.0
2025021262,20252026,2,2026-04-11,OFF,NYI,0.0,OTT,3.0
2025020002,20252026,2,2025-10-07,OFF,NYR,0.0,PIT,3.0
2025020029,20252026,2,2025-10-11,OFF,PIT,1.0,NYR,6.0
2025020038,20252026,2,2025-10-12,OFF,NYR,0.0,WSH,1.0
2025020061,20252026,2,2025-10-16,OFF,TOR,2.0,NYR,1.0
2025020116,20252026,2,2025-10-23,OFF,NYR,5.0,SJS,6.0
2025020163,20252026,2,2025-10-28,OFF,VAN,0.0,NYR,2.0
2025020193,20252026,2,2025-11-01,OFF,SEA,2.0,NYR,3.0
2025020265,20252026,2,2025-11-12,OFF,TBL,3.0,NYR,7.0
2025020313,20252026,2,2025-11-18,OFF,VGK,3.0,NYR,2.0
2025020344,20252026,2,2025-11-22,OFF,UTA,3.0,NYR,2.0
2025020355,20252026,2,2025-11-24,OFF,NYR,3.0,STL,2.0
2025020391,20252026,2,2025-11-29,OFF,NYR,1.0,TBL,4.0
2025020427,20252026,2,2025-12-04,OFF,OTT,2.0,NYR,4.0
2025020458,20252026,2,2025-12-07,OFF,NYR,2.0,VGK,3.0
2025020523,20252026,2,2025-12-16,OFF,NYR,0.0,VAN,3.0
2025020541,20252026,2,2025-12-18,OFF,STL,1.0,NYR,2.0
2025020549,20252026,2,2025-12-20,OFF,NYR,5.0,PHI,4.0
2025020576,20252026,2,2025-12-23,OFF,WSH,3.0,NYR,7.0
2025020622,20252026,2,2025-12-31,OFF,WSH,6.0,NYR,3.0
2025020662,20252026,2,2026-01-05,OFF,NYR,2.0,UTA,3.0
2025020718,20252026,2,2026-01-12,OFF,NYR,2.0,SEA,4.0
2025020737,20252026,2,2026-01-14,OFF,NYR,4.0,OTT,8.0
2025020755,20252026,2,2026-01-17,OFF,PHI,3.0,NYR,6.0
2025020808,20252026,2,2026-01-23,OFF,SJS,3.0,NYR,1.0
2025020861,20252026,2,2026-01-31,OFF,PIT,6.0,NYR,5.0
2025020924,20252026,2,2026-02-26,OFF,NYR,2.0,PHI,3.0
2025020934,20252026,2,2026-02-28,OFF,NYR,3.0,PIT,2.0
2025020975,20252026,2,2026-03-05,OFF,NYR,6.0,TOR,2.0
2025021008,20252026,2,2026-03-09,OFF,PHI,2.0,NYR,6.0
2025021036,20252026,2,2026-03-12,OFF,WPG,3.0,NYR,6.0
2025021110,20252026,2,2026-03-22,OFF,NYR,2.0,WPG,3.0
2025021119,20252026,2,2026-03-23,OFF,NYR,1.0,OTT,2.0
2025021136,20252026,2,2026-03-25,OFF,TOR,4.0,NYR,3.0
2025021227,20252026,2,2026-04-05,OFF,NYR,8.0,WSH,1.0
2025021302,20252026,2,2026-04-15,OFF,TBL,2.0,NYR,4.0
2025020011,20252026,2,2025-10-09,OFF,TBL,4.0,OTT,5.0
2025020063,20252026,2,2025-10-16,OFF,OTT,4.0,SEA,3.0
2025020112,20252026,2,2025-10-23,OFF,OTT,2.0,PHI,1.0
2025020135,20252026,2,2025-10-25,OFF,WSH,1.0,OTT,7.0
2025020232,20252026,2,2025-11-08,OFF,PHI,2.0,OTT,3.0
2025020247,20252026,2,2025-11-09,OFF,OTT,4.0,UTA,2.0
2025020342,20252026,2,2025-11-22,OFF,SJS,2.0,OTT,3.0
2025020373,20252026,2,2025-11-26,OFF,VGK,3.0,OTT,4.0
2025020382,20252026,2,2025-11-28,OFF,STL,4.0,OTT,3.0
2025020445,20252026,2,2025-12-06,OFF,OTT,1.0,STL,2.0
2025020516,20252026,2,2025-12-15,OFF,WPG,2.0,OTT,3.0
2025020537,20252026,2,2025-12-18,OFF,OTT,4.0,PIT,0.0
2025020590,20252026,2,2025-12-27,OFF,TOR,7.0,OTT,5.0
2025020632,20252026,2,2026-01-01,OFF,OTT,4.0,WSH,3.0
2025020650,20252026,2,2026-01-03,OFF,OTT,4.0,WPG,2.0
2025020680,20252026,2,2026-01-07,OFF,UTA,3.0,OTT,1.0
2025020725,20252026,2,2026-01-13,OFF,OTT,2.0,VAN,1.0
2025020821,20252026,2,2026-01-25,OFF,OTT,7.0,VGK,1.0
2025020877,20252026,2,2026-02-02,OFF,PIT,2.0,OTT,3.0
2025020907,20252026,2,2026-02-05,OFF,PHI,1.0,OTT,2.0
2025020939,20252026,2,2026-02-28,OFF,TOR,2.0,OTT,5.0
2025021000,20252026,2,2026-03-07,OFF,SEA,4.0,OTT,7.0
2025021011,20252026,2,2026-03-09,OFF,VAN,0.0,OTT,2.0
2025021058,20252026,2,2026-03-15,OFF,OTT,7.0,SJS,4.0
2025021079,20252026,2,2026-03-18,OFF,WSH,4.0,OTT,1.0
2025021106,20252026,2,2026-03-21,OFF,OTT,5.0,TOR,2.0
2025021138,20252026,2,2026-03-26,OFF,OTT,3.0,PIT,4.0
2025021152,20252026,2,2026-03-28,OFF,TBL,4.0,OTT,2.0
2025021234,20252026,2,2026-04-07,OFF,OTT,6.0,TBL,2.0
2025021304,20252026,2,2026-04-15,OFF,OTT,3.0,TOR,1.0
2025020066,20252026,2,2025-10-16,OFF,PHI,2.0,WPG,5.0
2025020094,20252026,2,2025-10-20,OFF,PHI,5.0,SEA,2.0
2025020150,20252026,2,2025-10-28,OFF,PHI,3.0,PIT,2.0
2025020188,20252026,2,2025-11-01,OFF,PHI,2.0,TOR,5.0
2025020280,20252026,2,2025-11-14,OFF,STL,5.0,PHI,6.0
2025020324,20252026,2,2025-11-20,OFF,PHI,3.0,STL,2.0
2025020353,20252026,2,2025-11-24,OFF,TBL,3.0,PHI,0.0
2025020407,20252026,2,2025-12-01,OFF,PHI,1.0,PIT,5.0
2025020469,20252026,2,2025-12-09,OFF,PHI,4.0,SJS,1.0
2025020483,20252026,2,2025-12-11,OFF,PHI,2.0,VGK,3.0
2025020572,20252026,2,2025-12-22,OFF,PHI,5.0,VAN,2.0
2025020605,20252026,2,2025-12-28,OFF,SEA,4.0,PHI,1.0
2025020621,20252026,2,2025-12-30,OFF,VAN,3.0,PHI,6.0
2025020686,20252026,2,2026-01-08,OFF,PHI,1.0,TOR,2.0
2025020705,20252026,2,2026-01-10,OFF,PHI,2.0,TBL,7.0
2025020719,20252026,2,2026-01-12,OFF,PHI,1.0,TBL,5.0
2025020741,20252026,2,2026-01-15,OFF,PIT,6.0,PHI,3.0
2025020775,20252026,2,2026-01-19,OFF,VGK,1.0,PHI,2.0
2025020790,20252026,2,2026-01-21,OFF,UTA,5.0,PHI,4.0
2025020889,20252026,2,2026-02-03,OFF,PHI,4.0,WSH,2.0
2025020911,20252026,2,2026-02-25,OFF,WSH,3.0,PHI,1.0
2025020954,20252026,2,2026-03-02,OFF,TOR,2.0,PHI,3.0
2025020976,20252026,2,2026-03-05,OFF,PHI,0.0,UTA,3.0
2025020993,20252026,2,2026-03-07,OFF,PIT,3.0,PHI,4.0
2025021026,20252026,2,2026-03-11,OFF,PHI,4.0,WSH,1.0
2025021103,20252026,2,2026-03-21,OFF,SJS,1.0,PHI,4.0
2025021184,20252026,2,2026-03-31,OFF,WSH,6.0,PHI,4.0
2025021272,20252026,2,2026-04-11,OFF,WPG,1.0,PHI,7.0
2025020088,20252026,2,2025-10-18,OFF,SJS,0.0,PIT,3.0
2025020101,20252026,2,2025-10-21,OFF,PIT,5.0,VAN,1.0
2025020148,20252026,2,2025-10-27,OFF,PIT,6.0,STL,3.0
2025020182,20252026,2,2025-11-01,OFF,WPG,5.0,PIT,2.0
2025020199,20252026,2,2025-11-03,OFF,TOR,4.0,PIT,3.0
2025020221,20252026,2,2025-11-06,OFF,PIT,5.0,WSH,3.0
2025020340,20252026,2,2025-11-22,OFF,PIT,2.0,SEA,3.0
2025020396,20252026,2,2025-11-29,OFF,PIT,2.0,TOR,7.0
2025020428,20252026,2,2025-12-04,OFF,TBL,3.0,PIT,4.0
2025020497,20252026,2,2025-12-13,OFF,PIT,5.0,SJS,6.0
2025020509,20252026,2,2025-12-14,OFF,PIT,4.0,UTA,5.0
2025020575,20252026,2,2025-12-23,OFF,TOR,6.0,PIT,3.0
2025020726,20252026,2,2026-01-13,OFF,PIT,1.0,TBL,2.0
2025020772,20252026,2,2026-01-19,OFF,SEA,3.0,PIT,6.0
2025020822,20252026,2,2026-01-25,OFF,VAN,2.0,PIT,3.0
2025020947,20252026,2,2026-03-01,OFF,PIT,5.0,VGK,0.0
2025021039,20252026,2,2026-03-12,OFF,VGK,6.0,PIT,2.0
2025021054,20252026,2,2026-03-14,OFF,UTA,3.0,PIT,4.0
2025021099,20252026,2,2026-03-21,OFF,PIT,5.0,WPG,4.0
2025021192,20252026,2,2026-04-02,OFF,TBL,6.0,PIT,3.0
2025021263,20252026,2,2026-04-11,OFF,PIT,3.0,WSH,6.0
2025021276,20252026,2,2026-04-12,OFF,WSH,3.0,PIT,0.0
2025021299,20252026,2,2026-04-14,OFF,STL,7.0,PIT,5.0
2025020037,20252026,2,2025-10-11,OFF,SEA,2.0,VGK,1.0
2025020079,20252026,2,2025-10-18,OFF,TOR,3.0,SEA,4.0
2025020102,20252026,2,2025-10-21,OFF,WSH,4.0,SEA,1.0
2025020120,20252026,2,2025-10-23,OFF,WPG,0.0,SEA,3.0
2025020217,20252026,2,2025-11-05,OFF,SEA,1.0,SJS,6.0
2025020239,20252026,2,2025-11-08,OFF,STL,3.0,SEA,4.0
2025020278,20252026,2,2025-11-13,OFF,SEA,5.0,WPG,3.0
2025020295,20252026,2,2025-11-15,OFF,SEA,4.0,SJS,1.0
2025020494,20252026,2,2025-12-12,OFF,UTA,5.0,SEA,3.0
2025020561,20252026,2,2025-12-20,OFF,SJS,2.0,SEA,4.0
2025020616,20252026,2,2025-12-29,OFF,SEA,2.0,VAN,3.0
2025020642,20252026,2,2026-01-02,OFF,VAN,3.0,SEA,4.0
2025020757,20252026,2,2026-01-17,OFF,UTA,6.0,SEA,3.0
2025020839,20252026,2,2026-01-27,OFF,SEA,5.0,WSH,1.0
2025020857,20252026,2,2026-01-29,OFF,SEA,5.0,TOR,2.0
2025020872,20252026,2,2026-01-31,OFF,VGK,2.0,SEA,3.0
2025020925,20252026,2,2026-02-26,OFF,STL,5.0,SEA,1.0
2025020946,20252026,2,2026-02-28,OFF,SEA,5.0,VAN,1.0
2025020974,20252026,2,2026-03-04,OFF,SEA,2.0,STL,3.0
2025021055,20252026,2,2026-03-14,OFF,VAN,2.0,SEA,5.0
2025021076,20252026,2,2026-03-17,OFF,SEA,2.0,TBL,6.0
2025021139,20252026,2,2026-03-26,OFF,TBL,3.0,SEA,4.0
2025021203,20252026,2,2026-04-02,OFF,SEA,2.0,UTA,6.0
2025021230,20252026,2,2026-04-06,OFF,WPG,6.0,SEA,2.0
2025021259,20252026,2,2026-04-09,OFF,SEA,4.0,VGK,3.0
2025021306,20252026,2,2026-04-15,OFF,VGK,4.0,SEA,1.0
2025020020,20252026,2,2025-10-09,OFF,SJS,3.0,VGK,4.0
2025020075,20252026,2,2025-10-17,OFF,UTA,6.0,SJS,3.0
2025020230,20252026,2,2025-11-07,OFF,SJS,2.0,WPG,1.0
2025020314,20252026,2,2025-11-18,OFF,SJS,3.0,UTA,2.0
2025020385,20252026,2,2025-11-28,OFF,SJS,3.0,VAN,2.0
2025020400,20252026,2,2025-11-29,OFF,VGK,4.0,SJS,3.0
2025020410,20252026,2,2025-12-01,OFF,SJS,6.0,UTA,3.0
2025020425,20252026,2,2025-12-03,OFF,SJS,1.0,WSH,7.0
2025020480,20252026,2,2025-12-11,OFF,TOR,2.0,SJS,3.0
2025020586,20252026,2,2025-12-23,OFF,VGK,7.0,SJS,2.0
2025020599,20252026,2,2025-12-27,OFF,VAN,3.0,SJS,6.0
2025020649,20252026,2,2026-01-03,OFF,SJS,3.0,TBL,7.0
2025020715,20252026,2,2026-01-11,OFF,SJS,2.0,VGK,7.0
2025020742,20252026,2,2026-01-15,OFF,WSH,2.0,SJS,3.0
2025020781,20252026,2,2026-01-20,OFF,TBL,4.0,SJS,1.0
2025020838,20252026,2,2026-01-27,OFF,VAN,2.0,SJS,5.0
2025020950,20252026,2,2026-03-01,OFF,SJS,2.0,WPG,1.0
2025020989,20252026,2,2026-03-06,OFF,SJS,2.0,STL,3.0
2025021143,20252026,2,2026-03-26,OFF,STL,2.0,SJS,1.0
2025021177,20252026,2,2026-03-30,OFF,SJS,5.0,STL,4.0
2025021202,20252026,2,2026-04-02,OFF,SJS,4.0,TOR,1.0
2025021275,20252026,2,2026-04-11,OFF,SJS,3.0,VAN,4.0
2025021308,20252026,2,2026-04-16,OFF,WPG,1.0,SJS,6.0
2025020046,20252026,2,2025-10-13,OFF,VAN,2.0,STL,5.0
2025020117,20252026,2,2025-10-23,OFF,STL,4.0,UTA,7.0
2025020172,20252026,2,2025-10-30,OFF,STL,3.0,VAN,4.0
2025020214,20252026,2,2025-11-05,OFF,WSH,6.0,STL,1.0
2025020292,20252026,2,2025-11-15,OFF,STL,1.0,VGK,4.0
2025020307,20252026,2,2025-11-18,OFF,TOR,3.0,STL,2.0
2025020398,20252026,2,2025-11-29,OFF,STL,1.0,UTA,0.0
2025020531,20252026,2,2025-12-17,OFF,STL,1.0,WPG,0.0
2025020571,20252026,2,2025-12-22,OFF,TBL,4.0,STL,1.0
2025020640,20252026,2,2026-01-02,OFF,STL,4.0,VGK,3.0
2025020696,20252026,2,2026-01-09,OFF,UTA,4.0,STL,2.0
2025020710,20252026,2,2026-01-10,OFF,VGK,4.0,STL,2.0
2025020751,20252026,2,2026-01-16,OFF,STL,3.0,TBL,2.0
2025020785,20252026,2,2026-01-20,OFF,WPG,3.0,STL,1.0
2025021057,20252026,2,2026-03-15,OFF,WPG,3.0,STL,2.0
2025021107,20252026,2,2026-03-21,OFF,VAN,1.0,STL,3.0
2025021128,20252026,2,2026-03-24,OFF,STL,3.0,WSH,0.0
2025021160,20252026,2,2026-03-28,OFF,STL,5.0,TOR,1.0
2025021253,20252026,2,2026-04-09,OFF,STL,2.0,WPG,3.0
2025021309,20252026,2,2026-04-16,OFF,UTA,3.0,STL,5.0
2025020052,20252026,2,2025-10-14,OFF,WSH,3.0,TBL,2.0
2025020141,20252026,2,2025-10-26,OFF,TBL,2.0,VGK,1.0
2025020194,20252026,2,2025-11-02,OFF,UTA,2.0,TBL,4.0
2025020225,20252026,2,2025-11-06,OFF,VGK,3.0,TBL,6.0
2025020236,20252026,2,2025-11-08,OFF,TBL,3.0,WSH,2.0
2025020297,20252026,2,2025-11-16,OFF,TBL,2.0,VAN,6.0
2025020341,20252026,2,2025-11-22,OFF,WSH,3.0,TBL,5.0
2025020461,20252026,2,2025-12-08,OFF,TOR,2.0,TBL,0.0
2025020825,20252026,2,2026-01-26,OFF,TBL,2.0,UTA,0.0
2025020847,20252026,2,2026-01-29,OFF,TBL,4.0,WPG,1.0
2025020912,20252026,2,2026-02-25,OFF,TBL,4.0,TOR,2.0
2025020980,20252026,2,2026-03-05,OFF,WPG,4.0,TBL,1.0
2025020994,20252026,2,2026-03-07,OFF,TOR,2.0,TBL,5.0
2025021090,20252026,2,2026-03-19,OFF,VAN,2.0,TBL,6.0
2025020213,20252026,2,2025-11-05,OFF,TOR,5.0,UTA,3.0
2025020386,20252026,2,2025-11-28,OFF,WSH,4.0,TOR,2.0
2025020539,20252026,2,2025-12-18,OFF,WSH,4.0,TOR,0.0
2025020634,20252026,2,2026-01-01,OFF,TOR,6.0,WPG,5.0
2025020702,20252026,2,2026-01-10,OFF,TOR,5.0,VAN,0.0
2025020733,20252026,2,2026-01-13,OFF,UTA,6.0,TOR,1.0
2025020748,20252026,2,2026-01-15,OFF,VGK,6.0,TOR,5.0
2025020762,20252026,2,2026-01-17,OFF,WPG,3.0,TOR,4.0
2025020802,20252026,2,2026-01-23,OFF,TOR,3.0,VGK,6.0
2025020869,20252026,2,2026-01-31,OFF,VAN,2.0,TOR,3.0
2025021245,20252026,2,2026-04-08,OFF,TOR,0.0,WSH,4.0
2025020143,20252026,2,2025-10-26,OFF,WPG,2.0,UTA,3.0
2025020327,20252026,2,2025-11-20,OFF,UTA,1.0,VGK,4.0
2025020358,20252026,2,2025-11-24,OFF,UTA,5.0,VGK,1.0
2025020439,20252026,2,2025-12-05,OFF,VAN,1.0,UTA,4.0
2025020569,20252026,2,2025-12-21,OFF,UTA,4.0,WPG,3.0
2025020884,20252026,2,2026-02-02,OFF,UTA,6.0,VAN,2.0
2025020962,20252026,2,2026-03-03,OFF,WSH,2.0,UTA,3.0
2025021091,20252026,2,2026-03-19,OFF,VGK,0.0,UTA,4.0
2025021146,20252026,2,2026-03-26,OFF,UTA,4.0,WSH,7.0
2025021216,20252026,2,2026-04-04,OFF,VAN,4.0,UTA,7.0
2025021297,20252026,2,2026-04-14,OFF,UTA,5.0,WPG,3.0
2025020089,20252026,2,2025-10-19,OFF,WSH,3.0,VAN,4.0
2025020263,20252026,2,2025-11-11,OFF,VAN,3.0,WPG,5.0
2025020792,20252026,2,2026-01-21,OFF,VAN,4.0,WSH,3.0
2025020901,20252026,2,2026-02-04,OFF,VGK,5.0,VAN,2.0
2025020915,20252026,2,2026-02-25,OFF,VAN,2.0,WPG,3.0
2025020996,20252026,2,2026-03-07,OFF,WPG,3.0,VAN,2.0
2025021175,20252026,2,2026-03-30,OFF,VGK,4.0,VAN,2.0
2025021242,20252026,2,2026-04-07,OFF,VAN,1.0,VGK,2.0
2025020673,20252026,2,2026-01-06,OFF,WPG,3.0,VGK,4.0
2025020931,20252026,2,2026-02-27,OFF,WSH,3.0,VGK,2.0
2025021131,20252026,2,2026-03-24,OFF,WPG,4.0,VGK,1.0
2025021166,20252026,2,2026-03-28,OFF,VGK,4.0,WSH,5.0
2025021290,20252026,2,2026-04-13,OFF,VGK,6.0,WPG,2.0
2025020367,20252026,2,2025-11-26,OFF,WSH,4.0,WPG,3.0
2025020503,20252026,2,2025-12-13,OFF,WPG,5.0,WSH,1.0
